domain,keyword,count
금융･복지･문화 > 취약계층 및 금융지원,청년,556
금융･복지･문화 > 취약계층 및 금융지원,자립,290
금융･복지･문화 > 취약계층 및 금융지원,정책,269
금융･복지･문화 > 취약계층 및 금융지원,금융,266
금융･복지･문화 > 취약계층 및 금융지원,제한,211
금융･복지･문화 > 취약계층 및 금융지원,소득,203
금융･복지･문화 > 취약계층 및 금융지원,연령,198
금융･복지･문화 > 취약계층 및 금융지원,보호,196
금융･복지･문화 > 취약계층 및 금융지원,조건,180
금융･복지･문화 > 취약계층 및 금융지원,지급,179
금융･복지･문화 > 취약계층 및 금융지원,종료,162
금융･복지･문화 > 취약계층 및 금융지원,복지,160
금융･복지･문화 > 취약계층 및 금융지원,방법,123
금융･복지･문화 > 취약계층 및 금융지원,아동,123
금융･복지･문화 > 취약계층 및 금융지원,계층,114
금융･복지･문화 > 취약계층 및 금융지원,분야,110
금융･복지･문화 > 취약계층 및 금융지원,문화,108
금융･복지･문화 > 취약계층 및 금융지원,취약,108
금융･복지･문화 > 취약계층 및 금융지원,나이,108
금융･복지･문화 > 취약계층 및 금융지원,워드,106
금융･복지･문화 > 취약계층 및 금융지원,요약,106
금융･복지･문화 > 취약계층 및 금융지원,주관,106
금융･복지･문화 > 취약계층 및 금융지원,광주,104
금융･복지･문화 > 취약계층 및 금융지원,교육,95
금융･복지･문화 > 취약계층 및 금융지원,출처,92
금융･복지･문화 > 취약계층 및 금융지원,준비,90
금융･복지･문화 > 취약계층 및 금융지원,경제,88
금융･복지･문화 > 취약계층 및 금융지원,제출,81
금융･복지･문화 > 취약계층 및 금융지원,개월,80
금융･복지･문화 > 취약계층 및 금융지원,정착,79
금융･복지･문화 > 취약계층 및 금융지원,보조금,78
금융･복지･문화 > 취약계층 및 금융지원,상담,78
금융･복지･문화 > 취약계층 및 금융지원,관리,78
금융･복지･문화 > 취약계층 및 금융지원,서류,74
금융･복지･문화 > 취약계층 및 금융지원,원금,68
금융･복지･문화 > 취약계층 및 금융지원,안정,68
금융･복지･문화 > 취약계층 및 금융지원,이내,67
금융･복지･문화 > 취약계층 및 금융지원,출산,67
금융･복지･문화 > 취약계층 및 금융지원,생활,66
금융･복지･문화 > 취약계층 및 금융지원,장려,65
금융･복지･문화 > 취약계층 및 금융지원,형성,64
금융･복지･문화 > 취약계층 및 금융지원,저축,64
금융･복지･문화 > 취약계층 및 금융지원,청소년,64
금융･복지･문화 > 취약계층 및 금융지원,수당,63
금융･복지･문화 > 취약계층 및 금융지원,시설,62
금융･복지･문화 > 취약계층 및 금융지원,자산,62
금융･복지･문화 > 취약계층 및 금융지원,사회,62
금융･복지･문화 > 취약계층 및 금융지원,부담,62
금융･복지･문화 > 취약계층 및 금융지원,최대,60
금융･복지･문화 > 취약계층 및 금융지원,근로,60
금융･복지･문화 > 취약계층 및 금융지원,추가,60
금융･복지･문화 > 취약계층 및 금융지원,자격,60
금융･복지･문화 > 취약계층 및 금융지원,계좌,59
금융･복지･문화 > 취약계층 및 금융지원,가입,59
금융･복지･문화 > 취약계층 및 금융지원,본인,58
금융･복지･문화 > 취약계층 및 금융지원,가구,57
금융･복지･문화 > 취약계층 및 금융지원,학교,57
금융･복지･문화 > 취약계층 및 금융지원,가족,55
금융･복지･문화 > 취약계층 및 금융지원,자녀,54
금융･복지･문화 > 취약계층 및 금융지원,주소지,52
금융･복지･문화 > 취약계층 및 금융지원,근로자,52
금융･복지･문화 > 취약계층 및 금융지원,통장,51
금융･복지･문화 > 취약계층 및 금융지원,대상자,50
금융･복지･문화 > 취약계층 및 금융지원,목적,50
금융･복지･문화 > 취약계층 및 금융지원,체계,48
금융･복지･문화 > 취약계층 및 금융지원,대출,48
금융･복지･문화 > 취약계층 및 금융지원,주민등록,47
금융･복지･문화 > 취약계층 및 금융지원,접수,47
금융･복지･문화 > 취약계층 및 금융지원,고용,47
금융･복지･문화 > 취약계층 및 금융지원,중위,46
금융･복지･문화 > 취약계층 및 금융지원,가정,45
금융･복지･문화 > 취약계층 및 금융지원,이후,44
금융･복지･문화 > 취약계층 및 금융지원,거주,43
금융･복지･문화 > 취약계층 및 금융지원,맞춤,43
금융･복지･문화 > 취약계층 및 금융지원,자금,43
금융･복지･문화 > 취약계층 및 금융지원,제주,43
금융･복지･문화 > 취약계층 및 금융지원,보험,42
금융･복지･문화 > 취약계층 및 금융지원,재무,41
금융･복지･문화 > 취약계층 및 금융지원,심사,41
금융･복지･문화 > 취약계층 및 금융지원,통한,41
금융･복지･문화 > 취약계층 및 금융지원,양육,41
금융･복지･문화 > 취약계층 및 금융지원,취업,41
금융･복지･문화 > 취약계층 및 금융지원,시청,40
금융･복지･문화 > 취약계층 및 금융지원,온라인,40
금융･복지･문화 > 취약계층 및 금융지원,전달,38
금융･복지･문화 > 취약계층 및 금융지원,공제,37
금융･복지･문화 > 취약계층 및 금융지원,희망,37
금융･복지･문화 > 취약계층 및 금융지원,매월,36
금융･복지･문화 > 취약계층 및 금융지원,비고,36
금융･복지･문화 > 취약계층 및 금융지원,특별자치도,35
금융･복지･문화 > 취약계층 및 금융지원,사례,35
금융･복지･문화 > 취약계층 및 금융지원,소상,34
금융･복지･문화 > 취약계층 및 금융지원,공인,34
금융･복지･문화 > 취약계층 및 금융지원,적립,34
금융･복지･문화 > 취약계층 및 금융지원,신용,33
금융･복지･문화 > 취약계층 및 금융지원,가정위탁,33
금융･복지･문화 > 취약계층 및 금융지원,급여,32
금융･복지･문화 > 취약계층 및 금융지원,일반,32
금융･복지･문화 > 취약계층 및 금융지원,광역시,31
금융･복지･문화 > 취약계층 및 금융지원,이음,31
금융･복지･문화 > 건강,청년,213
금융･복지･문화 > 건강,정신건강,109
금융･복지･문화 > 건강,건강,101
금융･복지･문화 > 건강,상담,89
금융･복지･문화 > 건강,정책,78
금융･복지･문화 > 건강,복지,68
금융･복지･문화 > 건강,제한,66
금융･복지･문화 > 건강,사회,59
금융･복지･문화 > 건강,조건,55
금융･복지･문화 > 건강,연령,50
금융･복지･문화 > 건강,마음,47
금융･복지･문화 > 건강,관리,46
금융･복지･문화 > 건강,방법,45
금융･복지･문화 > 건강,예방,45
금융･복지･문화 > 건강,문화,43
금융･복지･문화 > 건강,치료,43
금융･복지･문화 > 건강,자살,43
금융･복지･문화 > 건강,심리상담,42
금융･복지･문화 > 건강,나이,41
금융･복지･문화 > 건강,분야,39
금융･복지･문화 > 건강,주관,39
금융･복지･문화 > 건강,조기,38
금융･복지･문화 > 건강,금융,37
금융･복지･문화 > 건강,워드,37
금융･복지･문화 > 건강,요약,37
금융･복지･문화 > 건강,서류,36
금융･복지･문화 > 건강,출처,33
금융･복지･문화 > 건강,정신질환,32
금융･복지･문화 > 건강,임산부,30
금융･복지･문화 > 건강,본인,30
금융･복지･문화 > 건강,부담,27
금융･복지･문화 > 건강,개입,26
금융･복지･문화 > 건강,맞춤,26
금융･복지･문화 > 건강,울산,26
금융･복지･문화 > 건강,중독,26
금융･복지･문화 > 건강,증진,25
금융･복지･문화 > 건강,자격,24
금융･복지･문화 > 건강,학생,24
금융･복지･문화 > 건강,심리,24
금융･복지･문화 > 건강,제출,24
금융･복지･문화 > 건강,전문,24
금융･복지･문화 > 건강,식품,23
금융･복지･문화 > 건강,위험,23
금융･복지･문화 > 건강,우울,23
금융･복지･문화 > 건강,교육,21
금융･복지･문화 > 건강,국민,20
금융･복지･문화 > 건강,아침밥,20
금융･복지･문화 > 건강,회복,20
금융･복지･문화 > 건강,홍보,20
금융･복지･문화 > 건강,이용,19
금융･복지･문화 > 건강,보조금,19
금융･복지･문화 > 건강,아동,18
금융･복지･문화 > 건강,별도,18
금융･복지･문화 > 건강,발견,18
금융･복지･문화 > 건강,대학생,18
금융･복지･문화 > 건강,관내,18
금융･복지･문화 > 건강,체계,18
금융･복지･문화 > 건강,일상,18
금융･복지･문화 > 건강,학교,18
금융･복지･문화 > 건강,유형,18
금융･복지･문화 > 건강,수행,18
금융･복지･문화 > 건강,임신,18
금융･복지･문화 > 건강,포함,17
금융･복지･문화 > 건강,소득,17
금융･복지･문화 > 건강,제외,17
금융･복지･문화 > 건강,대학교,17
금융･복지･문화 > 건강,불안,17
금융･복지･문화 > 건강,심사,17
금융･복지･문화 > 건강,추가,16
금융･복지･문화 > 건강,발굴,16
금융･복지･문화 > 건강,정서,16
금융･복지･문화 > 건강,사례,16
금융･복지･문화 > 건강,아침,16
금융･복지･문화 > 건강,등록,16
금융･복지･문화 > 건강,이내,16
금융･복지･문화 > 건강,가구,15
금융･복지･문화 > 건강,생활,15
금융･복지･문화 > 건강,통합,15
금융･복지･문화 > 건강,검사,15
금융･복지･문화 > 건강,출산,15
금융･복지･문화 > 건강,익산시,15
금융･복지･문화 > 건강,보건소,14
금융･복지･문화 > 건강,대학,14
금융･복지･문화 > 건강,군복무,14
금융･복지･문화 > 건강,시도,14
금융･복지･문화 > 건강,보호,14
금융･복지･문화 > 건강,증빙,14
금융･복지･문화 > 건강,광역시,14
금융･복지･문화 > 건강,친환경,14
금융･복지･문화 > 건강,농산물,14
금융･복지･문화 > 건강,불가,13
금융･복지･문화 > 건강,제주,13
금융･복지･문화 > 건강,비고,12
금융･복지･문화 > 건강,소재,12
금융･복지･문화 > 건강,도모,12
금융･복지･문화 > 건강,개선,12
금융･복지･문화 > 건강,건강검진,12
금융･복지･문화 > 건강,식사,12
금융･복지･문화 > 건강,약물,12
금융･복지･문화 > 건강,청소년,12
금융･복지･문화 > 예술인지원,청년,176
금융･복지･문화 > 예술인지원,문화,97
금융･복지･문화 > 예술인지원,예술인,79
금융･복지･문화 > 예술인지원,예술,79
금융･복지･문화 > 예술인지원,활동,55
금융･복지･문화 > 예술인지원,창작,54
금융･복지･문화 > 예술인지원,정책,35
금융･복지･문화 > 예술인지원,지급,30
금융･복지･문화 > 예술인지원,원금,28
금융･복지･문화 > 예술인지원,제한,27
금융･복지･문화 > 예술인지원,분야,25
금융･복지･문화 > 예술인지원,방법,24
금융･복지･문화 > 예술인지원,조건,22
금융･복지･문화 > 예술인지원,서류,20
금융･복지･문화 > 예술인지원,부산,18
금융･복지･문화 > 예술인지원,육성,18
금융･복지･문화 > 예술인지원,연령,18
금융･복지･문화 > 예술인지원,예술가,18
금융･복지･문화 > 예술인지원,복지,17
금융･복지･문화 > 예술인지원,제출,17
금융･복지･문화 > 예술인지원,작품,17
금융･복지･문화 > 예술인지원,발표,16
금융･복지･문화 > 예술인지원,거주,16
금융･복지･문화 > 예술인지원,심사,16
금융･복지･문화 > 예술인지원,적금,15
금융･복지･문화 > 예술인지원,증명,15
금융･복지･문화 > 예술인지원,작가,15
금융･복지･문화 > 예술인지원,신진,14
금융･복지･문화 > 예술인지원,금융,14
금융･복지･문화 > 예술인지원,워드,14
금융･복지･문화 > 예술인지원,요약,14
금융･복지･문화 > 예술인지원,주관,14
금융･복지･문화 > 예술인지원,나이,14
금융･복지･문화 > 예술인지원,공연,14
금융･복지･문화 > 예술인지원,불가,13
금융･복지･문화 > 예술인지원,기회,12
금융･복지･문화 > 예술인지원,경력,12
금융･복지･문화 > 예술인지원,대상자,12
금융･복지･문화 > 예술인지원,출처,12
금융･복지･문화 > 예술인지원,제작,12
금융･복지･문화 > 예술인지원,관내,12
금융･복지･문화 > 예술인지원,전시,12
금융･복지･문화 > 예술인지원,계좌,11
금융･복지･문화 > 예술인지원,발급,11
금융･복지･문화 > 예술인지원,소득,10
금융･복지･문화 > 예술인지원,자격,10
금융･복지･문화 > 예술인지원,공간,10
금융･복지･문화 > 예술인지원,향유,10
금융･복지･문화 > 예술인지원,공모,10
금융･복지･문화 > 예술인지원,제주,10
금융･복지･문화 > 예술인지원,추가,9
금융･복지･문화 > 예술인지원,교육,9
금융･복지･문화 > 예술인지원,수행,9
금융･복지･문화 > 예술인지원,문화재단,9
금융･복지･문화 > 예술인지원,신청서,9
금융･복지･문화 > 예술인지원,카드,9
금융･복지･문화 > 예술인지원,선납,8
금융･복지･문화 > 예술인지원,국내,8
금융･복지･문화 > 예술인지원,금액,8
금융･복지･문화 > 예술인지원,온라인,8
금융･복지･문화 > 예술인지원,접수,8
금융･복지･문화 > 예술인지원,콘텐츠,8
금융･복지･문화 > 예술인지원,아트,8
금융･복지･문화 > 예술인지원,발굴,8
금융･복지･문화 > 예술인지원,기반,8
금융･복지･문화 > 예술인지원,특별자치도,8
금융･복지･문화 > 예술인지원,이후,8
금융･복지･문화 > 예술인지원,확대,8
금융･복지･문화 > 예술인지원,평택시,8
금융･복지･문화 > 예술인지원,심의,8
금융･복지･문화 > 예술인지원,만기,7
금융･복지･문화 > 예술인지원,상품,7
금융･복지･문화 > 예술인지원,계획,7
금융･복지･문화 > 예술인지원,전입,7
금융･복지･문화 > 예술인지원,익산시,7
금융･복지･문화 > 예술인지원,적립,6
금융･복지･문화 > 예술인지원,장기,6
금융･복지･문화 > 예술인지원,마련,6
금융･복지･문화 > 예술인지원,안정,6
금융･복지･문화 > 예술인지원,납입,6
금융･복지･문화 > 예술인지원,인정,6
금융･복지･문화 > 예술인지원,완료,6
금융･복지･문화 > 예술인지원,주민등록,6
금융･복지･문화 > 예술인지원,기획,6
금융･복지･문화 > 예술인지원,직접,6
금융･복지･문화 > 예술인지원,프로젝트,6
금융･복지･문화 > 예술인지원,기술,6
금융･복지･문화 > 예술인지원,활용,6
금융･복지･문화 > 예술인지원,강화,6
금융･복지･문화 > 예술인지원,국제,6
금융･복지･문화 > 예술인지원,교류,6
금융･복지･문화 > 예술인지원,역량,6
금융･복지･문화 > 예술인지원,홍보,6
금융･복지･문화 > 예술인지원,도모,6
금융･복지･문화 > 예술인지원,멘토,6
금융･복지･문화 > 예술인지원,미만,6
금융･복지･문화 > 예술인지원,농업인,6
금융･복지･문화 > 예술인지원,활성화,6
금융･복지･문화 > 예술인지원,비고,6
금융･복지･문화 > 예술인지원,울산,6
일자리 > 취업,청년,4000
일자리 > 취업,취업,2756
일자리 > 취업,일자리,1555
일자리 > 취업,정책,1483
일자리 > 취업,조건,957
일자리 > 취업,교육,888
일자리 > 취업,구직,878
일자리 > 취업,분야,847
일자리 > 취업,제한,823
일자리 > 취업,채용,722
일자리 > 취업,방법,714
일자리 > 취업,고용,702
일자리 > 취업,면접,651
일자리 > 취업,주관,647
일자리 > 취업,나이,612
일자리 > 취업,워드,608
일자리 > 취업,요약,608
일자리 > 취업,응시,597
일자리 > 취업,서류,588
일자리 > 취업,개월,580
일자리 > 취업,연령,575
일자리 > 취업,자격증,543
일자리 > 취업,제출,507
일자리 > 취업,활동,486
일자리 > 취업,자격,480
일자리 > 취업,지급,459
일자리 > 취업,창업,435
일자리 > 취업,맞춤,424
일자리 > 취업,산업,423
일자리 > 취업,역량,416
일자리 > 취업,출처,409
일자리 > 취업,시험,407
일자리 > 취업,국가,398
일자리 > 취업,인턴,393
일자리 > 취업,강화,388
일자리 > 취업,미취,387
일자리 > 취업,상담,386
일자리 > 취업,보험,374
일자리 > 취업,대학,361
일자리 > 취업,통한,353
일자리 > 취업,기술,352
일자리 > 취업,최대,349
일자리 > 취업,수당,343
일자리 > 취업,경험,339
일자리 > 취업,직무,334
일자리 > 취업,직업,333
일자리 > 취업,추가,315
일자리 > 취업,주민등록,309
일자리 > 취업,심사,302
일자리 > 취업,중소기업,301
일자리 > 취업,광주,298
일자리 > 취업,소득,278
일자리 > 취업,인력,277
일자리 > 취업,경제,261
일자리 > 취업,접수,260
일자리 > 취업,거주,258
일자리 > 취업,대여,258
일자리 > 취업,준비,245
일자리 > 취업,원금,245
일자리 > 취업,부담,244
일자리 > 취업,근로자,237
일자리 > 취업,근무,237
일자리 > 취업,사회,236
일자리 > 취업,정착,231
일자리 > 취업,정장,229
일자리 > 취업,본인,224
일자리 > 취업,참여자,220
일자리 > 취업,이내,220
일자리 > 취업,제외,218
일자리 > 취업,기회,215
일자리 > 취업,행정,213
일자리 > 취업,현장,210
일자리 > 취업,발급,207
일자리 > 취업,체험,200
일자리 > 취업,관내,197
일자리 > 취업,진로,195
일자리 > 취업,전문,193
일자리 > 취업,인건비,192
일자리 > 취업,홈페이지,192
일자리 > 취업,필수,190
일자리 > 취업,온라인,188
일자리 > 취업,농업인,188
일자리 > 취업,근로,182
일자리 > 취업,희망,182
일자리 > 취업,졸업,178
일자리 > 취업,도내,177
일자리 > 취업,대학생,170
일자리 > 취업,등록,170
일자리 > 취업,선발,169
일자리 > 취업,비용,169
일자리 > 취업,개발,168
일자리 > 취업,인재,168
일자리 > 취업,급여,168
일자리 > 취업,포함,167
일자리 > 취업,능력,167
일자리 > 취업,방문,163
일자리 > 취업,신청서,160
일자리 > 취업,비고,159
일자리 > 취업,이용,159
일자리 > 취업,증빙,158
주거 > 전월세 및 주거급여 지원,청년,1134
주거 > 전월세 및 주거급여 지원,소득,830
주거 > 전월세 및 주거급여 지원,주택,819
주거 > 전월세 및 주거급여 지원,주거,757
주거 > 전월세 및 주거급여 지원,가구,581
주거 > 전월세 및 주거급여 지원,월세,580
주거 > 전월세 및 주거급여 지원,대출,500
주거 > 전월세 및 주거급여 지원,최대,339
주거 > 전월세 및 주거급여 지원,지급,328
주거 > 전월세 및 주거급여 지원,신혼부부,311
주거 > 전월세 및 주거급여 지원,정책,304
주거 > 전월세 및 주거급여 지원,거주,293
주거 > 전월세 및 주거급여 지원,급여,291
주거 > 전월세 및 주거급여 지원,조건,280
주거 > 전월세 및 주거급여 지원,중위,266
주거 > 전월세 및 주거급여 지원,배우자,237
주거 > 전월세 및 주거급여 지원,이자,236
주거 > 전월세 및 주거급여 지원,서류,232
주거 > 전월세 및 주거급여 지원,이내,214
주거 > 전월세 및 주거급여 지원,방법,204
주거 > 전월세 및 주거급여 지원,전세,193
주거 > 전월세 및 주거급여 지원,제출,190
주거 > 전월세 및 주거급여 지원,임차보증금,185
주거 > 전월세 및 주거급여 지원,개월,181
주거 > 전월세 및 주거급여 지원,재산,176
주거 > 전월세 및 주거급여 지원,필수,174
주거 > 전월세 및 주거급여 지원,증명서,166
주거 > 전월세 및 주거급여 지원,포함,163
주거 > 전월세 및 주거급여 지원,자금,152
주거 > 전월세 및 주거급여 지원,부부,150
주거 > 전월세 및 주거급여 지원,금액,147
주거 > 전월세 및 주거급여 지원,가족,147
주거 > 전월세 및 주거급여 지원,전월세,145
주거 > 전월세 및 주거급여 지원,부담,144
주거 > 전월세 및 주거급여 지원,제한,137
주거 > 전월세 및 주거급여 지원,주거지,137
주거 > 전월세 및 주거급여 지원,주관,134
주거 > 전월세 및 주거급여 지원,주민등록,134
주거 > 전월세 및 주거급여 지원,보증,133
주거 > 전월세 및 주거급여 지원,납부,131
주거 > 전월세 및 주거급여 지원,독립,128
주거 > 전월세 및 주거급여 지원,나이,127
주거 > 전월세 및 주거급여 지원,분야,122
주거 > 전월세 및 주거급여 지원,워드,122
주거 > 전월세 및 주거급여 지원,요약,122
주거 > 전월세 및 주거급여 지원,임대주택,122
주거 > 전월세 및 주거급여 지원,계약,118
주거 > 전월세 및 주거급여 지원,연령,116
주거 > 전월세 및 주거급여 지원,본인,113
주거 > 전월세 및 주거급여 지원,자녀,113
주거 > 전월세 및 주거급여 지원,관계,112
주거 > 전월세 및 주거급여 지원,임대차,111
주거 > 전월세 및 주거급여 지원,보증금,107
주거 > 전월세 및 주거급여 지원,임차,105
주거 > 전월세 및 주거급여 지원,자격,105
주거 > 전월세 및 주거급여 지원,부모,104
주거 > 전월세 및 주거급여 지원,심사,101
주거 > 전월세 및 주거급여 지원,수급,98
주거 > 전월세 및 주거급여 지원,합산,96
주거 > 전월세 및 주거급여 지원,통장,95
주거 > 전월세 및 주거급여 지원,방문,92
주거 > 전월세 및 주거급여 지원,임차료,92
주거 > 전월세 및 주거급여 지원,전입,89
주거 > 전월세 및 주거급여 지원,미혼,89
주거 > 전월세 및 주거급여 지원,안정,88
주거 > 전월세 및 주거급여 지원,신고,88
주거 > 전월세 및 주거급여 지원,복지,87
주거 > 전월세 및 주거급여 지원,모두,87
주거 > 전월세 및 주거급여 지원,직계혈족,86
주거 > 전월세 및 주거급여 지원,추가,85
주거 > 전월세 및 주거급여 지원,대상자,85
주거 > 전월세 및 주거급여 지원,백만원,82
주거 > 전월세 및 주거급여 지원,사본,79
주거 > 전월세 및 주거급여 지원,제외,79
주거 > 전월세 및 주거급여 지원,요건,77
주거 > 전월세 및 주거급여 지원,출처,75
주거 > 전월세 및 주거급여 지원,연장,73
주거 > 전월세 및 주거급여 지원,경감,72
주거 > 전월세 및 주거급여 지원,수혜,72
주거 > 전월세 및 주거급여 지원,신청서,71
주거 > 전월세 및 주거급여 지원,접수,68
주거 > 전월세 및 주거급여 지원,계약서,68
주거 > 전월세 및 주거급여 지원,혼인,66
주거 > 전월세 및 주거급여 지원,인정,66
주거 > 전월세 및 주거급여 지원,경제,65
주거 > 전월세 및 주거급여 지원,별도,64
주거 > 전월세 및 주거급여 지원,인천,62
주거 > 전월세 및 주거급여 지원,보조금,62
주거 > 전월세 및 주거급여 지원,임대료,62
주거 > 전월세 및 주거급여 지원,지자체,61
주거 > 전월세 및 주거급여 지원,온라인,61
주거 > 전월세 및 주거급여 지원,변경,61
주거 > 전월세 및 주거급여 지원,미만,61
주거 > 전월세 및 주거급여 지원,주소지,60
주거 > 전월세 및 주거급여 지원,생계,59
주거 > 전월세 및 주거급여 지원,한도,58
주거 > 전월세 및 주거급여 지원,증빙,58
주거 > 전월세 및 주거급여 지원,관리,57
주거 > 전월세 및 주거급여 지원,이자지,57
주거 > 전월세 및 주거급여 지원,비용,57
일자리 > 창업,창업,2559
일자리 > 창업,청년,1796
일자리 > 창업,정책,708
일자리 > 창업,조건,475
일자리 > 창업,분야,474
일자리 > 창업,교육,456
일자리 > 창업,일자리,408
일자리 > 창업,제한,335
일자리 > 창업,주관,329
일자리 > 창업,나이,322
일자리 > 창업,워드,317
일자리 > 창업,요약,316
일자리 > 창업,방법,313
일자리 > 창업,농업인,306
일자리 > 창업,예비,298
일자리 > 창업,서류,283
일자리 > 창업,농업,280
일자리 > 창업,영농,274
일자리 > 창업,자금,263
일자리 > 창업,심사,263
일자리 > 창업,육성,258
일자리 > 창업,연령,254
일자리 > 창업,공간,247
일자리 > 창업,기술,246
일자리 > 창업,최대,226
일자리 > 창업,제출,225
일자리 > 창업,정착,208
일자리 > 창업,컨설팅,204
일자리 > 창업,자격,191
일자리 > 창업,경영,189
일자리 > 창업,초기,188
일자리 > 창업,시설,185
일자리 > 창업,이내,184
일자리 > 창업,산업,179
일자리 > 창업,출처,178
일자리 > 창업,기반,178
일자리 > 창업,등록,169
일자리 > 창업,평가,167
일자리 > 창업,투자,151
일자리 > 창업,접수,150
일자리 > 창업,통한,150
일자리 > 창업,창업가,149
일자리 > 창업,발굴,149
일자리 > 창업,계획,147
일자리 > 창업,제품,145
일자리 > 창업,성장,141
일자리 > 창업,보증,140
일자리 > 창업,스타트업,139
일자리 > 창업,활성화,134
일자리 > 창업,추가,131
일자리 > 창업,맞춤,129
일자리 > 창업,거주,126
일자리 > 창업,제작,126
일자리 > 창업,보조금,125
일자리 > 창업,스마트,119
일자리 > 창업,멘토링,118
일자리 > 창업,아이디어,112
일자리 > 창업,대학,112
일자리 > 창업,활용,111
일자리 > 창업,강화,104
일자리 > 창업,신청서,104
일자리 > 창업,혁신,103
일자리 > 창업,우수,102
일자리 > 창업,소득,102
일자리 > 창업,임차료,101
일자리 > 창업,안정,101
일자리 > 창업,광주,101
일자리 > 창업,조성,101
일자리 > 창업,발표,100
일자리 > 창업,제외,99
일자리 > 창업,지급,98
일자리 > 창업,역량,97
일자리 > 창업,중소기업,97
일자리 > 창업,개발,94
일자리 > 창업,원금,93
일자리 > 창업,마케팅,92
일자리 > 창업,활동,92
일자리 > 창업,홈페이지,90
일자리 > 창업,증명서,90
일자리 > 창업,백만원,89
일자리 > 창업,홍보,88
일자리 > 창업,주민등록,83
일자리 > 창업,시장,82
일자리 > 창업,미만,81
일자리 > 창업,상담,81
일자리 > 창업,예정,80
일자리 > 창업,선발,79
일자리 > 창업,글로벌,79
일자리 > 창업,장비,78
일자리 > 창업,대상자,78
일자리 > 창업,로컬,74
일자리 > 창업,구축,74
일자리 > 창업,관내,73
일자리 > 창업,포함,73
일자리 > 창업,비용,73
일자리 > 창업,경제,72
일자리 > 창업,도모,70
일자리 > 창업,체계,70
일자리 > 창업,희망,70
일자리 > 창업,독립,70
교육･직업훈련 > 미래역량강화,교육,522
교육･직업훈련 > 미래역량강화,청년,292
교육･직업훈련 > 미래역량강화,양성,211
교육･직업훈련 > 미래역량강화,정책,198
교육･직업훈련 > 미래역량강화,분야,169
교육･직업훈련 > 미래역량강화,역량,166
교육･직업훈련 > 미래역량강화,강화,156
교육･직업훈련 > 미래역량강화,인재,144
교육･직업훈련 > 미래역량강화,제한,140
교육･직업훈련 > 미래역량강화,미래,132
교육･직업훈련 > 미래역량강화,산업,123
교육･직업훈련 > 미래역량강화,조건,121
교육･직업훈련 > 미래역량강화,연령,113
교육･직업훈련 > 미래역량강화,직업,110
교육･직업훈련 > 미래역량강화,인력,110
교육･직업훈련 > 미래역량강화,대학,102
교육･직업훈련 > 미래역량강화,기술,100
교육･직업훈련 > 미래역량강화,주관,95
교육･직업훈련 > 미래역량강화,취업,94
교육･직업훈련 > 미래역량강화,울산,90
교육･직업훈련 > 미래역량강화,워드,86
교육･직업훈련 > 미래역량강화,요약,86
교육･직업훈련 > 미래역량강화,나이,86
교육･직업훈련 > 미래역량강화,방법,86
교육･직업훈련 > 미래역량강화,출처,78
교육･직업훈련 > 미래역량강화,농업인,73
교육･직업훈련 > 미래역량강화,실무,70
교육･직업훈련 > 미래역량강화,전문,66
교육･직업훈련 > 미래역량강화,학교,61
교육･직업훈련 > 미래역량강화,기반,60
교육･직업훈련 > 미래역량강화,연구,58
교육･직업훈련 > 미래역량강화,제주,58
교육･직업훈련 > 미래역량강화,혁신,56
교육･직업훈련 > 미래역량강화,맞춤,55
교육･직업훈련 > 미래역량강화,실습,54
교육･직업훈련 > 미래역량강화,현장,52
교육･직업훈련 > 미래역량강화,육성,50
교육･직업훈련 > 미래역량강화,무역,50
교육･직업훈련 > 미래역량강화,지능,49
교육･직업훈련 > 미래역량강화,활용,47
교육･직업훈련 > 미래역량강화,대학교,47
교육･직업훈련 > 미래역량강화,개발,47
교육･직업훈련 > 미래역량강화,관리,47
교육･직업훈련 > 미래역량강화,반도체,47
교육･직업훈련 > 미래역량강화,구축,44
교육･직업훈련 > 미래역량강화,통한,43
교육･직업훈련 > 미래역량강화,콘텐츠,42
교육･직업훈련 > 미래역량강화,창업,41
교육･직업훈련 > 미래역량강화,농업,40
교육･직업훈련 > 미래역량강화,선발,40
교육･직업훈련 > 미래역량강화,거주,37
교육･직업훈련 > 미래역량강화,자격,37
교육･직업훈련 > 미래역량강화,수행,37
교육･직업훈련 > 미래역량강화,진로,37
교육･직업훈련 > 미래역량강화,상담,37
교육･직업훈련 > 미래역량강화,우수,36
교육･직업훈련 > 미래역량강화,융합,35
교육･직업훈련 > 미래역량강화,온라인,35
교육･직업훈련 > 미래역량강화,교육과정,35
교육･직업훈련 > 미래역량강화,재직,35
교육･직업훈련 > 미래역량강화,부산,35
교육･직업훈련 > 미래역량강화,심사,34
교육･직업훈련 > 미래역량강화,환경,34
교육･직업훈련 > 미래역량강화,산학,33
교육･직업훈련 > 미래역량강화,협력,33
교육･직업훈련 > 미래역량강화,국제,33
교육･직업훈련 > 미래역량강화,지식,32
교육･직업훈련 > 미래역량강화,전문가,32
교육･직업훈련 > 미래역량강화,글로벌,32
교육･직업훈련 > 미래역량강화,추가,31
교육･직업훈련 > 미래역량강화,대회,31
교육･직업훈련 > 미래역량강화,인공,31
교육･직업훈련 > 미래역량강화,소재,30
교육･직업훈련 > 미래역량강화,디지털,30
교육･직업훈련 > 미래역량강화,제작,30
교육･직업훈련 > 미래역량강화,박사,30
교육･직업훈련 > 미래역량강화,서류,29
교육･직업훈련 > 미래역량강화,활동,29
교육･직업훈련 > 미래역량강화,해외,29
교육･직업훈련 > 미래역량강화,추진,28
교육･직업훈련 > 미래역량강화,핵심,28
교육･직업훈련 > 미래역량강화,비고,28
교육･직업훈련 > 미래역량강화,프로젝트,28
교육･직업훈련 > 미래역량강화,도내,27
교육･직업훈련 > 미래역량강화,희망,27
교육･직업훈련 > 미래역량강화,캠퍼스,27
교육･직업훈련 > 미래역량강화,면접,27
교육･직업훈련 > 미래역량강화,마케팅,26
교육･직업훈련 > 미래역량강화,체계,26
교육･직업훈련 > 미래역량강화,에너지,26
교육･직업훈련 > 미래역량강화,개월,25
교육･직업훈련 > 미래역량강화,특별자치도,25
교육･직업훈련 > 미래역량강화,한국,24
교육･직업훈련 > 미래역량강화,화장품,24
교육･직업훈련 > 미래역량강화,직무,24
교육･직업훈련 > 미래역량강화,중심,23
교육･직업훈련 > 미래역량강화,학생,23
교육･직업훈련 > 미래역량강화,자격증,22
교육･직업훈련 > 미래역량강화,접수,22
교육･직업훈련 > 미래역량강화,자원,22
참여･기반 > 청년참여,청년,1414
참여･기반 > 청년참여,정책,722
참여･기반 > 청년참여,활동,411
참여･기반 > 청년참여,제한,207
참여･기반 > 청년참여,광주,176
참여･기반 > 청년참여,조건,167
참여･기반 > 청년참여,연령,163
참여･기반 > 청년참여,분야,151
참여･기반 > 청년참여,기반,145
참여･기반 > 청년참여,방법,142
참여･기반 > 청년참여,지급,124
참여･기반 > 청년참여,요약,121
참여･기반 > 청년참여,워드,120
참여･기반 > 청년참여,주관,120
참여･기반 > 청년참여,나이,120
참여･기반 > 청년참여,발굴,114
참여･기반 > 청년참여,교육,108
참여･기반 > 청년참여,제안,106
참여･기반 > 청년참여,제출,103
참여･기반 > 청년참여,서류,102
참여･기반 > 청년참여,출처,96
참여･기반 > 청년참여,홍보,93
참여･기반 > 청년참여,심사,90
참여･기반 > 청년참여,위원회,81
참여･기반 > 청년참여,회의,76
참여･기반 > 청년참여,수당,72
참여･기반 > 청년참여,단체,72
참여･기반 > 청년참여,공간,71
참여･기반 > 청년참여,시청,70
참여･기반 > 청년참여,광역시,69
참여･기반 > 청년참여,네트워크,69
참여･기반 > 청년참여,기획,66
참여･기반 > 청년참여,보조금,65
참여･기반 > 청년참여,콘텐츠,65
참여･기반 > 청년참여,위원,62
참여･기반 > 청년참여,사회,58
참여･기반 > 청년참여,예산,56
참여･기반 > 청년참여,자격,56
참여･기반 > 청년참여,역량,54
참여･기반 > 청년참여,강화,54
참여･기반 > 청년참여,추가,54
참여･기반 > 청년참여,신청서,52
참여･기반 > 청년참여,의견,52
참여･기반 > 청년참여,활성화,52
참여･기반 > 청년참여,추진,51
참여･기반 > 청년참여,제작,50
참여･기반 > 청년참여,분과,50
참여･기반 > 청년참여,거주,49
참여･기반 > 청년참여,목적,48
참여･기반 > 청년참여,취업,46
참여･기반 > 청년참여,소통,46
참여･기반 > 청년참여,교류,45
참여･기반 > 청년참여,서포터즈,44
참여･기반 > 청년참여,우수,43
참여･기반 > 청년참여,비고,43
참여･기반 > 청년참여,통한,43
참여･기반 > 청년참여,맞춤,42
참여･기반 > 청년참여,행사,41
참여･기반 > 청년참여,인천광역시,40
참여･기반 > 청년참여,시민,40
참여･기반 > 청년참여,접수,39
참여･기반 > 청년참여,아이디어,39
참여･기반 > 청년참여,발표,38
참여･기반 > 청년참여,구성,38
참여･기반 > 청년참여,문제,38
참여･기반 > 청년참여,울산,38
참여･기반 > 청년참여,동아리,38
참여･기반 > 청년참여,직접,37
참여･기반 > 청년참여,위촉,37
참여･기반 > 청년참여,최대,37
참여･기반 > 청년참여,마을,37
참여･기반 > 청년참여,예정,36
참여･기반 > 청년참여,수렴,36
참여･기반 > 청년참여,확대,36
참여･기반 > 청년참여,일자리,35
참여･기반 > 청년참여,포인트,35
참여･기반 > 청년참여,증명서,34
참여･기반 > 청년참여,개별,34
참여･기반 > 청년참여,기회,34
참여･기반 > 청년참여,모임,34
참여･기반 > 청년참여,커뮤니티,34
참여･기반 > 청년참여,기미,33
참여･기반 > 청년참여,시정,33
참여･기반 > 청년참여,조사,33
참여･기반 > 청년참여,참석,32
참여･기반 > 청년참여,서구,32
참여･기반 > 청년참여,개최,31
참여･기반 > 청년참여,축제,31
참여･기반 > 청년참여,공유,31
참여･기반 > 청년참여,문화,31
참여･기반 > 청년참여,협의,31
참여･기반 > 청년참여,이메일,30
참여･기반 > 청년참여,주민등록,30
참여･기반 > 청년참여,특정,30
참여･기반 > 청년참여,동구,30
참여･기반 > 청년참여,작성,29
참여･기반 > 청년참여,홈페이지,29
참여･기반 > 청년참여,대학,29
참여･기반 > 청년참여,제주,29
참여･기반 > 청년참여,자율,28
주거 > 주택 및 거주지,청년,1002
주거 > 주택 및 거주지,주택,734
주거 > 주택 및 거주지,주거,567
주거 > 주택 및 거주지,정책,354
주거 > 주택 및 거주지,소득,340
주거 > 주택 및 거주지,조건,250
주거 > 주택 및 거주지,보증,237
주거 > 주택 및 거주지,신혼부부,190
주거 > 주택 및 거주지,가구,173
주거 > 주택 및 거주지,안정,167
주거 > 주택 및 거주지,제한,150
주거 > 주택 및 거주지,임대주택,149
주거 > 주택 및 거주지,공급,144
주거 > 주택 및 거주지,주관,140
주거 > 주택 및 거주지,나이,140
주거 > 주택 및 거주지,분야,136
주거 > 주택 및 거주지,거주지,136
주거 > 주택 및 거주지,주거지,136
주거 > 주택 및 거주지,요약,134
주거 > 주택 및 거주지,워드,133
주거 > 주택 및 거주지,연령,131
주거 > 주택 및 거주지,방법,118
주거 > 주택 및 거주지,대출,115
주거 > 주택 및 거주지,보증금,114
주거 > 주택 및 거주지,서류,113
주거 > 주택 및 거주지,전세,110
주거 > 주택 및 거주지,거주,103
주거 > 주택 및 거주지,반환,100
주거 > 주택 및 거주지,자격,97
주거 > 주택 및 거주지,조성,92
주거 > 주택 및 거주지,계약,90
주거 > 주택 및 거주지,본인,88
주거 > 주택 및 거주지,최대,88
주거 > 주택 및 거주지,출처,85
주거 > 주택 및 거주지,전입,85
주거 > 주택 및 거주지,건립,85
주거 > 주택 및 거주지,임차,83
주거 > 주택 및 거주지,공간,82
주거 > 주택 및 거주지,울산,79
주거 > 주택 및 거주지,제출,78
주거 > 주택 및 거주지,임대차,78
주거 > 주택 및 거주지,주민등록,77
주거 > 주택 및 거주지,부담,76
주거 > 주택 및 거주지,광역시,76
주거 > 주택 및 거주지,피해,73
주거 > 주택 및 거주지,매입,66
주거 > 주택 및 거주지,지급,65
주거 > 주택 및 거주지,임대,65
주거 > 주택 및 거주지,심사,63
주거 > 주택 및 거주지,도시,63
주거 > 주택 및 거주지,중개,63
주거 > 주택 및 거주지,시설,63
주거 > 주택 및 거주지,만족도,63
주거 > 주택 및 거주지,추가,62
주거 > 주택 및 거주지,백만원,62
주거 > 주택 및 거주지,보수,61
주거 > 주택 및 거주지,상담,60
주거 > 주택 및 거주지,금액,59
주거 > 주택 및 거주지,공유,59
주거 > 주택 및 거주지,자립,58
주거 > 주택 및 거주지,안심,58
주거 > 주택 및 거주지,부동산,58
주거 > 주택 및 거주지,정착,58
주거 > 주택 및 거주지,가입,56
주거 > 주택 및 거주지,도모,56
주거 > 주택 및 거주지,희망,56
주거 > 주택 및 거주지,면적,56
주거 > 주택 및 거주지,접수,55
주거 > 주택 및 거주지,이내,55
주거 > 주택 및 거주지,임차보증금,54
주거 > 주택 및 거주지,월세,54
주거 > 주택 및 거주지,미만,52
주거 > 주택 및 거주지,완화,50
주거 > 주택 및 거주지,납부,49
주거 > 주택 및 거주지,증명서,49
주거 > 주택 및 거주지,중위,49
주거 > 주택 및 거주지,취업,48
주거 > 주택 및 거주지,인천,48
주거 > 주택 및 거주지,평균,48
주거 > 주택 및 거주지,사기,46
주거 > 주택 및 거주지,사기피해,46
주거 > 주택 및 거주지,환경,46
주거 > 주택 및 거주지,민간,45
주거 > 주택 및 거주지,생활,45
주거 > 주택 및 거주지,급여,45
주거 > 주택 및 거주지,세대,44
주거 > 주택 및 거주지,근로자,44
주거 > 주택 및 거주지,주자,43
주거 > 주택 및 거주지,계층,43
주거 > 주택 및 거주지,수급,42
주거 > 주택 및 거주지,이사,42
주거 > 주택 및 거주지,목적,42
주거 > 주택 및 거주지,대학생,41
주거 > 주택 및 거주지,농촌,41
주거 > 주택 및 거주지,계약서,40
주거 > 주택 및 거주지,이사비,40
주거 > 주택 및 거주지,체계,40
주거 > 주택 및 거주지,자녀,40
주거 > 주택 및 거주지,귀농,40
주거 > 주택 및 거주지,제외,39
금융･복지･문화 > 문화활동 및 생활지원,청년,552
금융･복지･문화 > 문화활동 및 생활지원,문화,525
금융･복지･문화 > 문화활동 및 생활지원,정책,288
금융･복지･문화 > 문화활동 및 생활지원,제한,236
금융･복지･문화 > 문화활동 및 생활지원,활동,230
금융･복지･문화 > 문화활동 및 생활지원,연령,182
금융･복지･문화 > 문화활동 및 생활지원,조건,177
금융･복지･문화 > 문화활동 및 생활지원,예술,158
금융･복지･문화 > 문화활동 및 생활지원,방법,154
금융･복지･문화 > 문화활동 및 생활지원,생활,146
금융･복지･문화 > 문화활동 및 생활지원,분야,139
금융･복지･문화 > 문화활동 및 생활지원,복지,131
금융･복지･문화 > 문화활동 및 생활지원,주관,118
금융･복지･문화 > 문화활동 및 생활지원,금융,111
금융･복지･문화 > 문화활동 및 생활지원,워드,111
금융･복지･문화 > 문화활동 및 생활지원,교육,111
금융･복지･문화 > 문화활동 및 생활지원,요약,111
금융･복지･문화 > 문화활동 및 생활지원,나이,111
금융･복지･문화 > 문화활동 및 생활지원,출처,93
금융･복지･문화 > 문화활동 및 생활지원,서류,92
금융･복지･문화 > 문화활동 및 생활지원,제출,86
금융･복지･문화 > 문화활동 및 생활지원,주민등록,74
금융･복지･문화 > 문화활동 및 생활지원,자격,72
금융･복지･문화 > 문화활동 및 생활지원,울산,70
금융･복지･문화 > 문화활동 및 생활지원,콘텐츠,69
금융･복지･문화 > 문화활동 및 생활지원,부부,64
금융･복지･문화 > 문화활동 및 생활지원,심사,63
금융･복지･문화 > 문화활동 및 생활지원,창작,63
금융･복지･문화 > 문화활동 및 생활지원,광양시,63
금융･복지･문화 > 문화활동 및 생활지원,추가,61
금융･복지･문화 > 문화활동 및 생활지원,기회,57
금융･복지･문화 > 문화활동 및 생활지원,지급,57
금융･복지･문화 > 문화활동 및 생활지원,행사,55
금융･복지･문화 > 문화활동 및 생활지원,패스,55
금융･복지･문화 > 문화활동 및 생활지원,시설,53
금융･복지･문화 > 문화활동 및 생활지원,공간,52
금융･복지･문화 > 문화활동 및 생활지원,이용,51
금융･복지･문화 > 문화활동 및 생활지원,보조금,51
금융･복지･문화 > 문화활동 및 생활지원,출산,51
금융･복지･문화 > 문화활동 및 생활지원,부담,48
금융･복지･문화 > 문화활동 및 생활지원,전시,47
금융･복지･문화 > 문화활동 및 생활지원,공연,46
금융･복지･문화 > 문화활동 및 생활지원,결혼,45
금융･복지･문화 > 문화활동 및 생활지원,비용,45
금융･복지･문화 > 문화활동 및 생활지원,맞춤,42
금융･복지･문화 > 문화활동 및 생활지원,통한,42
금융･복지･문화 > 문화활동 및 생활지원,단체,41
금융･복지･문화 > 문화활동 및 생활지원,강화,40
금융･복지･문화 > 문화활동 및 생활지원,최대,39
금융･복지･문화 > 문화활동 및 생활지원,온라인,39
금융･복지･문화 > 문화활동 및 생활지원,소득,39
금융･복지･문화 > 문화활동 및 생활지원,활성화,38
금융･복지･문화 > 문화활동 및 생활지원,거주,38
금융･복지･문화 > 문화활동 및 생활지원,접수,38
금융･복지･문화 > 문화활동 및 생활지원,부산,37
금융･복지･문화 > 문화활동 및 생활지원,전입,36
금융･복지･문화 > 문화활동 및 생활지원,개월,36
금융･복지･문화 > 문화활동 및 생활지원,제주,36
금융･복지･문화 > 문화활동 및 생활지원,개최,34
금융･복지･문화 > 문화활동 및 생활지원,상담,34
금융･복지･문화 > 문화활동 및 생활지원,역량,34
금융･복지･문화 > 문화활동 및 생활지원,경제,34
금융･복지･문화 > 문화활동 및 생활지원,육아,34
금융･복지･문화 > 문화활동 및 생활지원,별도,33
금융･복지･문화 > 문화활동 및 생활지원,건강,32
금융･복지･문화 > 문화활동 및 생활지원,광주,32
금융･복지･문화 > 문화활동 및 생활지원,방문,31
금융･복지･문화 > 문화활동 및 생활지원,홈페이지,31
금융･복지･문화 > 문화활동 및 생활지원,홍보,31
금융･복지･문화 > 문화활동 및 생활지원,창업,31
금융･복지･문화 > 문화활동 및 생활지원,제외,31
금융･복지･문화 > 문화활동 및 생활지원,남녀,31
금융･복지･문화 > 문화활동 및 생활지원,이후,29
금융･복지･문화 > 문화활동 및 생활지원,신청서,29
금융･복지･문화 > 문화활동 및 생활지원,예비,29
금융･복지･문화 > 문화활동 및 생활지원,비고,28
금융･복지･문화 > 문화활동 및 생활지원,시청,28
금융･복지･문화 > 문화활동 및 생활지원,광역시,28
금융･복지･문화 > 문화활동 및 생활지원,출생,28
금융･복지･문화 > 문화활동 및 생활지원,동아리,27
금융･복지･문화 > 문화활동 및 생활지원,대학,27
금융･복지･문화 > 문화활동 및 생활지원,도서,27
금융･복지･문화 > 문화활동 및 생활지원,향유,26
금융･복지･문화 > 문화활동 및 생활지원,확대,26
금융･복지･문화 > 문화활동 및 생활지원,인구,26
금융･복지･문화 > 문화활동 및 생활지원,금액,26
금융･복지･문화 > 문화활동 및 생활지원,위원회,26
금융･복지･문화 > 문화활동 및 생활지원,활용,26
금융･복지･문화 > 문화활동 및 생활지원,사회,26
금융･복지･문화 > 문화활동 및 생활지원,제작,25
금융･복지･문화 > 문화활동 및 생활지원,동의,24
금융･복지･문화 > 문화활동 및 생활지원,발굴,24
금융･복지･문화 > 문화활동 및 생활지원,조성,24
금융･복지･문화 > 문화활동 및 생활지원,확산,24
금융･복지･문화 > 문화활동 및 생활지원,관내,24
금융･복지･문화 > 문화활동 및 생활지원,백만원,24
금융･복지･문화 > 문화활동 및 생활지원,본인,24
금융･복지･문화 > 문화활동 및 생활지원,수행,24
금융･복지･문화 > 문화활동 및 생활지원,미혼,24
금융･복지･문화 > 문화활동 및 생활지원,동구,24
일자리 > 재직자,청년,354
일자리 > 재직자,중소기업,135
일자리 > 재직자,재직,116
일자리 > 재직자,정책,110
일자리 > 재직자,지급,98
일자리 > 재직자,근로자,98
일자리 > 재직자,일자리,93
일자리 > 재직자,조건,83
일자리 > 재직자,소득,77
일자리 > 재직자,분야,67
일자리 > 재직자,개월,65
일자리 > 재직자,고용,58
일자리 > 재직자,장려,55
일자리 > 재직자,제한,54
일자리 > 재직자,취업,53
일자리 > 재직자,주관,52
일자리 > 재직자,보험,51
일자리 > 재직자,워드,50
일자리 > 재직자,요약,50
일자리 > 재직자,나이,50
일자리 > 재직자,산업,49
일자리 > 재직자,연령,45
일자리 > 재직자,방법,45
일자리 > 재직자,제출,43
일자리 > 재직자,근무,41
일자리 > 재직자,장기,41
일자리 > 재직자,최대,41
일자리 > 재직자,서류,36
일자리 > 재직자,교육,36
일자리 > 재직자,우수,34
일자리 > 재직자,근속,34
일자리 > 재직자,농업인,33
일자리 > 재직자,관내,32
일자리 > 재직자,보험료,31
일자리 > 재직자,문화,30
일자리 > 재직자,신규,30
일자리 > 재직자,인턴,30
일자리 > 재직자,출처,29
일자리 > 재직자,적립,29
일자리 > 재직자,만기,28
일자리 > 재직자,직무,28
일자리 > 재직자,복지,27
일자리 > 재직자,근로,27
일자리 > 재직자,자격,27
일자리 > 재직자,통한,27
일자리 > 재직자,정착,26
일자리 > 재직자,유도,26
일자리 > 재직자,미만,26
일자리 > 재직자,도내,25
일자리 > 재직자,인건비,25
일자리 > 재직자,단지,24
일자리 > 재직자,주민등록,23
일자리 > 재직자,급여,23
일자리 > 재직자,백만원,22
일자리 > 재직자,중인,22
일자리 > 재직자,포함,22
일자리 > 재직자,계약,22
일자리 > 재직자,퍼센트,22
일자리 > 재직자,예술인,22
일자리 > 재직자,건강,21
일자리 > 재직자,추가,21
일자리 > 재직자,중위,20
일자리 > 재직자,선발,20
일자리 > 재직자,센티,20
일자리 > 재직자,부산,19
일자리 > 재직자,보조금,19
일자리 > 재직자,원금,19
일자리 > 재직자,채용,19
일자리 > 재직자,중소,19
일자리 > 재직자,평균,19
일자리 > 재직자,구직,19
일자리 > 재직자,소재,18
일자리 > 재직자,외국인,18
일자리 > 재직자,상담,18
일자리 > 재직자,심사,17
일자리 > 재직자,영농,17
일자리 > 재직자,활용,17
일자리 > 재직자,수준,16
일자리 > 재직자,결혼,16
일자리 > 재직자,인력,16
일자리 > 재직자,정규직,16
일자리 > 재직자,업체,16
일자리 > 재직자,가입,16
일자리 > 재직자,기회,16
일자리 > 재직자,안정,15
일자리 > 재직자,유치,15
일자리 > 재직자,이내,15
일자리 > 재직자,접수,15
일자리 > 재직자,신청서,15
일자리 > 재직자,인재,15
일자리 > 재직자,실업,15
일자리 > 재직자,향상,14
일자리 > 재직자,생활,14
일자리 > 재직자,공제,14
일자리 > 재직자,요건,14
일자리 > 재직자,체험,14
일자리 > 재직자,경력,14
일자리 > 재직자,예비,14
일자리 > 재직자,신고,14
일자리 > 재직자,관리,13
참여･기반 > 정책인프라구축,청년,434
참여･기반 > 정책인프라구축,정책,228
참여･기반 > 정책인프라구축,제한,58
참여･기반 > 정책인프라구축,교육,50
참여･기반 > 정책인프라구축,조건,47
참여･기반 > 정책인프라구축,구축,46
참여･기반 > 정책인프라구축,공간,45
참여･기반 > 정책인프라구축,연령,44
참여･기반 > 정책인프라구축,분야,44
참여･기반 > 정책인프라구축,기반,42
참여･기반 > 정책인프라구축,맞춤,40
참여･기반 > 정책인프라구축,울산,38
참여･기반 > 정책인프라구축,활동,34
참여･기반 > 정책인프라구축,인프라,34
참여･기반 > 정책인프라구축,상담,34
참여･기반 > 정책인프라구축,주관,34
참여･기반 > 정책인프라구축,워드,32
참여･기반 > 정책인프라구축,요약,32
참여･기반 > 정책인프라구축,나이,32
참여･기반 > 정책인프라구축,출처,28
참여･기반 > 정책인프라구축,소통,24
참여･기반 > 정책인프라구축,제주,23
참여･기반 > 정책인프라구축,강화,22
참여･기반 > 정책인프라구축,방법,20
참여･기반 > 정책인프라구축,역량,18
참여･기반 > 정책인프라구축,일자리,18
참여･기반 > 정책인프라구축,인천광역시,17
참여･기반 > 정책인프라구축,문화,16
참여･기반 > 정책인프라구축,추진,16
참여･기반 > 정책인프라구축,통한,15
참여･기반 > 정책인프라구축,경제,14
참여･기반 > 정책인프라구축,추가,14
참여･기반 > 정책인프라구축,자격,14
참여･기반 > 정책인프라구축,교류,14
참여･기반 > 정책인프라구축,활성화,14
참여･기반 > 정책인프라구축,홍보,14
참여･기반 > 정책인프라구축,인천,13
참여･기반 > 정책인프라구축,온라인,13
참여･기반 > 정책인프라구축,네트워크,12
참여･기반 > 정책인프라구축,채널,12
참여･기반 > 정책인프라구축,플랫폼,12
참여･기반 > 정책인프라구축,거주,12
참여･기반 > 정책인프라구축,유유,11
참여･기반 > 정책인프라구축,기지,11
참여･기반 > 정책인프라구축,구성,11
참여･기반 > 정책인프라구축,광역시,11
참여･기반 > 정책인프라구축,창업,10
참여･기반 > 정책인프라구축,비고,10
참여･기반 > 정책인프라구축,주거,10
참여･기반 > 정책인프라구축,천안,10
참여･기반 > 정책인프라구축,활용,10
참여･기반 > 정책인프라구축,제작,10
참여･기반 > 정책인프라구축,포털,10
참여･기반 > 정책인프라구축,전달,10
참여･기반 > 정책인프라구축,통합,10
참여･기반 > 정책인프라구축,목적,10
참여･기반 > 정책인프라구축,종합,10
참여･기반 > 정책인프라구축,커뮤니티,10
참여･기반 > 정책인프라구축,수행,10
참여･기반 > 정책인프라구축,협력,10
참여･기반 > 정책인프라구축,제출,9
참여･기반 > 정책인프라구축,평택시,9
참여･기반 > 정책인프라구축,인구,9
참여･기반 > 정책인프라구축,부평구,8
참여･기반 > 정책인프라구축,환경,8
참여･기반 > 정책인프라구축,기초,8
참여･기반 > 정책인프라구축,금융,8
참여･기반 > 정책인프라구축,계양구,8
참여･기반 > 정책인프라구축,이음,8
참여･기반 > 정책인프라구축,서류,8
참여･기반 > 정책인프라구축,미디어,8
참여･기반 > 정책인프라구축,체계,8
참여･기반 > 정책인프라구축,특별자치도,8
참여･기반 > 정책인프라구축,네트워킹,8
참여･기반 > 정책인프라구축,담당자,8
참여･기반 > 정책인프라구축,정기,8
참여･기반 > 정책인프라구축,동구,8
참여･기반 > 정책인프라구축,서구,8
참여･기반 > 정책인프라구축,제안,8
참여･기반 > 정책인프라구축,제국,7
참여･기반 > 정책인프라구축,심사,7
참여･기반 > 정책인프라구축,별도,7
참여･기반 > 정책인프라구축,수요,7
참여･기반 > 정책인프라구축,중앙,7
참여･기반 > 정책인프라구축,기획,6
참여･기반 > 정책인프라구축,모임,6
참여･기반 > 정책인프라구축,안정,6
참여･기반 > 정책인프라구축,확대,6
참여･기반 > 정책인프라구축,도약,6
참여･기반 > 정책인프라구축,마련,6
참여･기반 > 정책인프라구축,협의,6
참여･기반 > 정책인프라구축,조성,6
참여･기반 > 정책인프라구축,개발,6
참여･기반 > 정책인프라구축,홈페이지,6
참여･기반 > 정책인프라구축,커머스,6
참여･기반 > 정책인프라구축,중심,6
참여･기반 > 정책인프라구축,서귀포시,6
참여･기반 > 정책인프라구축,발굴,6
참여･기반 > 정책인프라구축,단체,6
참여･기반 > 정책인프라구축,공유,6
교육･직업훈련 > 온·오프라인교육,교육,120
교육･직업훈련 > 온·오프라인교육,청년,94
교육･직업훈련 > 온·오프라인교육,창업,68
교육･직업훈련 > 온·오프라인교육,조건,46
교육･직업훈련 > 온·오프라인교육,분야,44
교육･직업훈련 > 온·오프라인교육,제한,42
교육･직업훈련 > 온·오프라인교육,정책,41
교육･직업훈련 > 온·오프라인교육,학년,40
교육･직업훈련 > 온·오프라인교육,코스,40
교육･직업훈련 > 온·오프라인교육,방법,36
교육･직업훈련 > 온·오프라인교육,연령,34
교육･직업훈련 > 온·오프라인교육,취업,33
교육･직업훈련 > 온·오프라인교육,학교,32
교육･직업훈련 > 온·오프라인교육,별도,27
교육･직업훈련 > 온·오프라인교육,재학생,26
교육･직업훈련 > 온·오프라인교육,직업,24
교육･직업훈련 > 온·오프라인교육,예비,24
교육･직업훈련 > 온·오프라인교육,충남,22
교육･직업훈련 > 온·오프라인교육,역량,22
교육･직업훈련 > 온·오프라인교육,도내,22
교육･직업훈련 > 온·오프라인교육,장학금,20
교육･직업훈련 > 온·오프라인교육,전액,20
교육･직업훈련 > 온·오프라인교육,수산,20
교육･직업훈련 > 온·오프라인교육,스마트,20
교육･직업훈련 > 온·오프라인교육,지급,19
교육･직업훈련 > 온·오프라인교육,오프라인,18
교육･직업훈련 > 온·오프라인교육,워드,18
교육･직업훈련 > 온·오프라인교육,요약,18
교육･직업훈련 > 온·오프라인교육,주관,18
교육･직업훈련 > 온·오프라인교육,나이,18
교육･직업훈련 > 온·오프라인교육,자격,18
교육･직업훈련 > 온·오프라인교육,도립대,18
교육･직업훈련 > 온·오프라인교육,강화,18
교육･직업훈련 > 온·오프라인교육,프로젝트,18
교육･직업훈련 > 온·오프라인교육,서류,17
교육･직업훈련 > 온·오프라인교육,컨설팅,17
교육･직업훈련 > 온·오프라인교육,출처,16
교육･직업훈련 > 온·오프라인교육,구간,16
교육･직업훈련 > 온·오프라인교육,단계,16
교육･직업훈련 > 온·오프라인교육,제출,16
교육･직업훈련 > 온·오프라인교육,심사,16
교육･직업훈련 > 온·오프라인교육,상담,16
교육･직업훈련 > 온·오프라인교육,연합,15
교육･직업훈련 > 온·오프라인교육,설계,15
교육･직업훈련 > 온·오프라인교육,추진,14
교육･직업훈련 > 온·오프라인교육,학생,14
교육･직업훈련 > 온·오프라인교육,졸업생,14
교육･직업훈련 > 온·오프라인교육,양성,14
교육･직업훈련 > 온·오프라인교육,인생,14
교육･직업훈련 > 온·오프라인교육,추가,13
교육･직업훈련 > 온·오프라인교육,맞춤,13
교육･직업훈련 > 온·오프라인교육,경영,13
교육･직업훈련 > 온·오프라인교육,학기,12
교육･직업훈련 > 온·오프라인교육,건축,12
교육･직업훈련 > 온·오프라인교육,반도체,12
교육･직업훈련 > 온·오프라인교육,후견인,12
교육･직업훈련 > 온·오프라인교육,광주,12
교육･직업훈련 > 온·오프라인교육,소득,11
교육･직업훈련 > 온·오프라인교육,산업,11
교육･직업훈련 > 온·오프라인교육,이내,11
교육･직업훈련 > 온·오프라인교육,진로,10
교육･직업훈련 > 온·오프라인교육,체험,10
교육･직업훈련 > 온·오프라인교육,사회,10
교육･직업훈련 > 온·오프라인교육,대학,10
교육･직업훈련 > 온·오프라인교육,인재,10
교육･직업훈련 > 온·오프라인교육,미만,10
교육･직업훈련 > 온·오프라인교육,실습,10
교육･직업훈련 > 온·오프라인교육,접수,10
교육･직업훈련 > 온·오프라인교육,전문,10
교육･직업훈련 > 온·오프라인교육,온라인,10
교육･직업훈련 > 온·오프라인교육,스케치,10
교육･직업훈련 > 온·오프라인교육,커리어,10
교육･직업훈련 > 온·오프라인교육,리더십,10
교육･직업훈련 > 온·오프라인교육,추천,10
교육･직업훈련 > 온·오프라인교육,국가장학금,9
교육･직업훈련 > 온·오프라인교육,농업인,8
교육･직업훈련 > 온·오프라인교육,이후,8
교육･직업훈련 > 온·오프라인교육,입학,8
교육･직업훈련 > 온·오프라인교육,수혜,8
교육･직업훈련 > 온·오프라인교육,직전,8
교육･직업훈련 > 온·오프라인교육,성적,8
교육･직업훈련 > 온·오프라인교육,이상인,8
교육･직업훈련 > 온·오프라인교육,학자금,8
교육･직업훈련 > 온·오프라인교육,대학생,8
교육･직업훈련 > 온·오프라인교육,건축학,8
교육･직업훈련 > 온·오프라인교육,현장,8
교육･직업훈련 > 온·오프라인교육,중심,8
교육･직업훈련 > 온·오프라인교육,재학,8
교육･직업훈련 > 온·오프라인교육,중인,8
교육･직업훈련 > 온·오프라인교육,본교,8
교육･직업훈련 > 온·오프라인교육,포함,8
교육･직업훈련 > 온·오프라인교육,개발,8
교육･직업훈련 > 온·오프라인교육,반려동물,8
교육･직업훈련 > 온·오프라인교육,자격증,8
교육･직업훈련 > 온·오프라인교육,발표,8
교육･직업훈련 > 온·오프라인교육,그룹,8
교육･직업훈련 > 온·오프라인교육,진단,8
교육･직업훈련 > 온·오프라인교육,라이프,8
교육･직업훈련 > 온·오프라인교육,활용,8
교육･직업훈련 > 온·오프라인교육,거주,7
교육･직업훈련 > 교육비지원,이자,62
교육･직업훈련 > 교육비지원,대출,62
교육･직업훈련 > 교육비지원,교육,60
교육･직업훈련 > 교육비지원,인재,55
교육･직업훈련 > 교육비지원,장학금,55
교육･직업훈련 > 교육비지원,한국,53
교육･직업훈련 > 교육비지원,장학재단,52
교육･직업훈련 > 교육비지원,대학생,50
교육･직업훈련 > 교육비지원,학자금,49
교육･직업훈련 > 교육비지원,정책,49
교육･직업훈련 > 교육비지원,상환,43
교육･직업훈련 > 교육비지원,제한,41
교육･직업훈련 > 교육비지원,청년,40
교육･직업훈련 > 교육비지원,대학,35
교육･직업훈련 > 교육비지원,연령,34
교육･직업훈련 > 교육비지원,학자금대출,33
교육･직업훈련 > 교육비지원,육성,32
교육･직업훈련 > 교육비지원,방법,32
교육･직업훈련 > 교육비지원,조건,31
교육･직업훈련 > 교육비지원,분야,30
교육･직업훈련 > 교육비지원,발생,24
교육･직업훈련 > 교육비지원,울산,23
교육･직업훈련 > 교육비지원,직업,22
교육･직업훈련 > 교육비지원,교육비,22
교육･직업훈련 > 교육비지원,워드,22
교육･직업훈련 > 교육비지원,요약,22
교육･직업훈련 > 교육비지원,주관,22
교육･직업훈련 > 교육비지원,나이,22
교육･직업훈련 > 교육비지원,주민등록,22
교육･직업훈련 > 교육비지원,평생교육,22
교육･직업훈련 > 교육비지원,학생,21
교육･직업훈련 > 교육비지원,본인,20
교육･직업훈련 > 교육비지원,인천,19
교육･직업훈련 > 교육비지원,출처,19
교육･직업훈련 > 교육비지원,온라인,18
교육･직업훈련 > 교육비지원,우수,18
교육･직업훈련 > 교육비지원,장학,18
교육･직업훈련 > 교육비지원,신용,16
교육･직업훈련 > 교육비지원,입금,16
교육･직업훈련 > 교육비지원,재테크,16
교육･직업훈련 > 교육비지원,전액,16
교육･직업훈련 > 교육비지원,진주시,16
교육･직업훈련 > 교육비지원,학기,15
교육･직업훈련 > 교육비지원,재학,15
교육･직업훈련 > 교육비지원,생활,15
교육･직업훈련 > 교육비지원,하반기,14
교육･직업훈련 > 교육비지원,상반기,14
교육･직업훈련 > 교육비지원,심사,14
교육･직업훈련 > 교육비지원,선발,14
교육･직업훈련 > 교육비지원,불가,14
교육･직업훈련 > 교육비지원,졸업,13
교육･직업훈련 > 교육비지원,학업,13
교육･직업훈련 > 교육비지원,접수,12
교육･직업훈련 > 교육비지원,경제,12
교육･직업훈련 > 교육비지원,부담,12
교육･직업훈련 > 교육비지원,소득,12
교육･직업훈련 > 교육비지원,통한,12
교육･직업훈련 > 교육비지원,성적,12
교육･직업훈련 > 교육비지원,관내,12
교육･직업훈련 > 교육비지원,서류,11
교육･직업훈련 > 교육비지원,체결,11
교육･직업훈련 > 교육비지원,포함,11
교육･직업훈련 > 교육비지원,일반,11
교육･직업훈련 > 교육비지원,홈페이지,10
교육･직업훈련 > 교육비지원,이자지,10
교육･직업훈련 > 교육비지원,자격,10
교육･직업훈련 > 교육비지원,연체,10
교육･직업훈련 > 교육비지원,회복,10
교육･직업훈련 > 교육비지원,약정,10
교육･직업훈련 > 교육비지원,장학생,10
교육･직업훈련 > 교육비지원,다자,10
교육･직업훈련 > 교육비지원,의료,10
교육･직업훈련 > 교육비지원,부모,10
교육･직업훈련 > 교육비지원,학습,10
교육･직업훈련 > 교육비지원,지급,9
교육･직업훈련 > 교육비지원,제출,9
교육･직업훈련 > 교육비지원,거주,9
교육･직업훈련 > 교육비지원,분할,9
교육･직업훈련 > 교육비지원,이후,9
교육･직업훈련 > 교육비지원,광역시,9
교육･직업훈련 > 교육비지원,진흥,9
교육･직업훈련 > 교육비지원,평택시,9
교육･직업훈련 > 교육비지원,금액,8
교육･직업훈련 > 교육비지원,증명서,8
교육･직업훈련 > 교육비지원,경기도,8
교육･직업훈련 > 교육비지원,직전,8
교육･직업훈련 > 교육비지원,장기,8
교육･직업훈련 > 교육비지원,금융,8
교육･직업훈련 > 교육비지원,출연,8
교육･직업훈련 > 교육비지원,강의,8
교육･직업훈련 > 교육비지원,광주,8
교육･직업훈련 > 교육비지원,재단,8
교육･직업훈련 > 교육비지원,계좌,8
교육･직업훈련 > 교육비지원,중복,8
교육･직업훈련 > 교육비지원,강좌,8
교육･직업훈련 > 교육비지원,전입,8
교육･직업훈련 > 교육비지원,입학,8
교육･직업훈련 > 교육비지원,가정,8
교육･직업훈련 > 교육비지원,국민,8
교육･직업훈련 > 교육비지원,국가,8
일자리 > 권익보호,개월,15
일자리 > 권익보호,지급,14
일자리 > 권익보호,중소기업,13
일자리 > 권익보호,일자리,11
일자리 > 권익보호,조건,11
일자리 > 권익보호,제한,10
일자리 > 권익보호,정책,10
일자리 > 권익보호,울산,10
일자리 > 권익보호,열차,10
일자리 > 권익보호,근로자,9
일자리 > 권익보호,재직,9
일자리 > 권익보호,채용,8
일자리 > 권익보호,연령,8
일자리 > 권익보호,청년,8
일자리 > 권익보호,미만,8
일자리 > 권익보호,소상,8
일자리 > 권익보호,공인,8
일자리 > 권익보호,개사,8
일자리 > 권익보호,방법,7
일자리 > 권익보호,학생,7
일자리 > 권익보호,운임,7
일자리 > 권익보호,정기승차권,7
일자리 > 권익보호,군민,6
일자리 > 권익보호,서류,6
일자리 > 권익보호,자격,6
일자리 > 권익보호,공유,6
일자리 > 권익보호,이용,6
일자리 > 권익보호,상공,6
일자리 > 권익보호,출산,6
일자리 > 권익보호,업체,6
일자리 > 권익보호,백만원,6
일자리 > 권익보호,지역화폐,6
일자리 > 권익보호,정기권,6
일자리 > 권익보호,제출,5
일자리 > 권익보호,증명서,5
일자리 > 권익보호,동의,5
일자리 > 권익보호,일로,5
일자리 > 권익보호,관외,5
일자리 > 권익보호,익산시,5
일자리 > 권익보호,다이로,5
일자리 > 권익보호,상시,4
일자리 > 권익보호,분야,4
일자리 > 권익보호,권익,4
일자리 > 권익보호,보호,4
일자리 > 권익보호,워드,4
일자리 > 권익보호,요약,4
일자리 > 권익보호,주관,4
일자리 > 권익보호,나이,4
일자리 > 권익보호,출처,4
일자리 > 권익보호,서구,4
일자리 > 권익보호,복지,4
일자리 > 권익보호,캠핑장,4
일자리 > 권익보호,카라반,4
일자리 > 권익보호,주민등록,4
일자리 > 권익보호,필수,4
일자리 > 권익보호,보험,4
일자리 > 권익보호,필요,4
일자리 > 권익보호,양육,4
일자리 > 권익보호,기본,4
일자리 > 권익보호,거주지,4
일자리 > 권익보호,주소지,4
일자리 > 권익보호,모두,4
일자리 > 권익보호,광역,4
일자리 > 권익보호,시일,4
일자리 > 권익보호,자녀,4
일자리 > 권익보호,등록증,4
일자리 > 권익보호,명원,4
일자리 > 권익보호,개업,4
일자리 > 권익보호,영업,4
일자리 > 권익보호,중일,4
일자리 > 권익보호,직전,4
일자리 > 권익보호,연도,4
일자리 > 권익보호,매출,4
일자리 > 권익보호,백만,4
일자리 > 권익보호,초과,4
일자리 > 권익보호,충족,4
일자리 > 권익보호,우선,4
일자리 > 권익보호,순위,4
일자리 > 권익보호,연매출,4
일자리 > 권익보호,적용,4
일자리 > 권익보호,체인,4
일자리 > 권익보호,이동,4
일자리 > 권익보호,비용,4
일자리 > 권익보호,한도,4
일자리 > 권익보호,명의,4
일자리 > 권익보호,가족,4
일자리 > 권익보호,관계,4
일자리 > 권익보호,카드,4
일자리 > 권익보호,수당,4
일자리 > 권익보호,추가,3
일자리 > 권익보호,전국,3
일자리 > 권익보호,가입,3
일자리 > 권익보호,진흥,3
일자리 > 권익보호,승차권,3
일자리 > 권익보호,전북,3
일자리 > 권익보호,수령,3
일자리 > 권익보호,행정,3
일자리 > 권익보호,홍성,2
일자리 > 권익보호,선발,2
일자리 > 권익보호,매칭,2
"금융･복지･문화,금융･복지･문화,금융･복지･문화,금융･복지･문화 > 예술인지원,문화활동 및 생활지원,건강,취약계층 및 금융지원",청년,20
"금융･복지･문화,금융･복지･문화,금융･복지･문화,금융･복지･문화 > 예술인지원,문화활동 및 생활지원,건강,취약계층 및 금융지원",정책,20
"금융･복지･문화,금융･복지･문화,금융･복지･문화,금융･복지･문화 > 예술인지원,문화활동 및 생활지원,건강,취약계층 및 금융지원",단계,12
"금융･복지･문화,금융･복지･문화,금융･복지･문화,금융･복지･문화 > 예술인지원,문화활동 및 생활지원,건강,취약계층 및 금융지원",상담,8
"금융･복지･문화,금융･복지･문화,금융･복지･문화,금융･복지･문화 > 예술인지원,문화활동 및 생활지원,건강,취약계층 및 금융지원",원금,6
"금융･복지･문화,금융･복지･문화,금융･복지･문화,금융･복지･문화 > 예술인지원,문화활동 및 생활지원,건강,취약계층 및 금융지원",드림,5
"금융･복지･문화,금융･복지･문화,금융･복지･문화,금융･복지･문화 > 예술인지원,문화활동 및 생활지원,건강,취약계층 및 금융지원",제주,5
"금융･복지･문화,금융･복지･문화,금융･복지･문화,금융･복지･문화 > 예술인지원,문화활동 및 생활지원,건강,취약계층 및 금융지원",금융,5
"금융･복지･문화,금융･복지･문화,금융･복지･문화,금융･복지･문화 > 예술인지원,문화활동 및 생활지원,건강,취약계층 및 금융지원",문화,5
"금융･복지･문화,금융･복지･문화,금융･복지･문화,금융･복지･문화 > 예술인지원,문화활동 및 생활지원,건강,취약계층 및 금융지원",맞춤,4
"금융･복지･문화,금융･복지･문화,금융･복지･문화,금융･복지･문화 > 예술인지원,문화활동 및 생활지원,건강,취약계층 및 금융지원",전달,4
"금융･복지･문화,금융･복지･문화,금융･복지･문화,금융･복지･문화 > 예술인지원,문화활동 및 생활지원,건강,취약계층 및 금융지원",지급,4
"금융･복지･문화,금융･복지･문화,금융･복지･문화,금융･복지･문화 > 예술인지원,문화활동 및 생활지원,건강,취약계층 및 금융지원",복지,4
"금융･복지･문화,금융･복지･문화,금융･복지･문화,금융･복지･문화 > 예술인지원,문화활동 및 생활지원,건강,취약계층 및 금융지원",플랫폼,3
"금융･복지･문화,금융･복지･문화,금융･복지･문화,금융･복지･문화 > 예술인지원,문화활동 및 생활지원,건강,취약계층 및 금융지원",보장,2
"금융･복지･문화,금융･복지･문화,금융･복지･문화,금융･복지･문화 > 예술인지원,문화활동 및 생활지원,건강,취약계층 및 금융지원",제의,2
"금융･복지･문화,금융･복지･문화,금융･복지･문화,금융･복지･문화 > 예술인지원,문화활동 및 생활지원,건강,취약계층 및 금융지원",공간,2
"금융･복지･문화,금융･복지･문화,금융･복지･문화,금융･복지･문화 > 예술인지원,문화활동 및 생활지원,건강,취약계층 및 금융지원",체계,2
"금융･복지･문화,금융･복지･문화,금융･복지･문화,금융･복지･문화 > 예술인지원,문화활동 및 생활지원,건강,취약계층 및 금융지원",오프라인,2
"금융･복지･문화,금융･복지･문화,금융･복지･문화,금융･복지･문화 > 예술인지원,문화활동 및 생활지원,건강,취약계층 및 금융지원",온라인,2
"금융･복지･문화,금융･복지･문화,금융･복지･문화,금융･복지･문화 > 예술인지원,문화활동 및 생활지원,건강,취약계층 및 금융지원",소식,2
"금융･복지･문화,금융･복지･문화,금융･복지･문화,금융･복지･문화 > 예술인지원,문화활동 및 생활지원,건강,취약계층 및 금융지원",연령,2
"금융･복지･문화,금융･복지･문화,금융･복지･문화,금융･복지･문화 > 예술인지원,문화활동 및 생활지원,건강,취약계층 및 금융지원",제한,2
"금융･복지･문화,금융･복지･문화,금융･복지･문화,금융･복지･문화 > 예술인지원,문화활동 및 생활지원,건강,취약계층 및 금융지원",피드백,2
"금융･복지･문화,금융･복지･문화,금융･복지･문화,금융･복지･문화 > 예술인지원,문화활동 및 생활지원,건강,취약계층 및 금융지원",완료,2
"금융･복지･문화,금융･복지･문화,금융･복지･문화,금융･복지･문화 > 예술인지원,문화활동 및 생활지원,건강,취약계층 및 금융지원",지역화폐,2
"금융･복지･문화,금융･복지･문화,금융･복지･문화,금융･복지･문화 > 예술인지원,문화활동 및 생활지원,건강,취약계층 및 금융지원",오픈,2
"금융･복지･문화,금융･복지･문화,금융･복지･문화,금융･복지･문화 > 예술인지원,문화활동 및 생활지원,건강,취약계층 및 금융지원",공지,2
"금융･복지･문화,금융･복지･문화,금융･복지･문화,금융･복지･문화 > 예술인지원,문화활동 및 생활지원,건강,취약계층 및 금융지원",분야,1
"금융･복지･문화,금융･복지･문화,금융･복지･문화,금융･복지･문화 > 예술인지원,문화활동 및 생활지원,건강,취약계층 및 금융지원",예술인,1
"금융･복지･문화,금융･복지･문화,금융･복지･문화,금융･복지･문화 > 예술인지원,문화활동 및 생활지원,건강,취약계층 및 금융지원",활동,1
"금융･복지･문화,금융･복지･문화,금융･복지･문화,금융･복지･문화 > 예술인지원,문화활동 및 생활지원,건강,취약계층 및 금융지원",생활,1
"금융･복지･문화,금융･복지･문화,금융･복지･문화,금융･복지･문화 > 예술인지원,문화활동 및 생활지원,건강,취약계층 및 금융지원",건강,1
"금융･복지･문화,금융･복지･문화,금융･복지･문화,금융･복지･문화 > 예술인지원,문화활동 및 생활지원,건강,취약계층 및 금융지원",취약,1
"금융･복지･문화,금융･복지･문화,금융･복지･문화,금융･복지･문화 > 예술인지원,문화활동 및 생활지원,건강,취약계층 및 금융지원",계층,1
"금융･복지･문화,금융･복지･문화,금융･복지･문화,금융･복지･문화 > 예술인지원,문화활동 및 생활지원,건강,취약계층 및 금융지원",워드,1
"금융･복지･문화,금융･복지･문화,금융･복지･문화,금융･복지･문화 > 예술인지원,문화활동 및 생활지원,건강,취약계층 및 금융지원",보조금,1
"금융･복지･문화,금융･복지･문화,금융･복지･문화,금융･복지･문화 > 예술인지원,문화활동 및 생활지원,건강,취약계층 및 금융지원",요약,1
"금융･복지･문화,금융･복지･문화,금융･복지･문화,금융･복지･문화 > 예술인지원,문화활동 및 생활지원,건강,취약계층 및 금융지원",주관,1
"금융･복지･문화,금융･복지･문화,금융･복지･문화,금융･복지･문화 > 예술인지원,문화활동 및 생활지원,건강,취약계층 및 금융지원",나이,1
"금융･복지･문화,금융･복지･문화,금융･복지･문화,금융･복지･문화 > 예술인지원,문화활동 및 생활지원,건강,취약계층 및 금융지원",조건,1
"금융･복지･문화,금융･복지･문화,금융･복지･문화,금융･복지･문화 > 예술인지원,문화활동 및 생활지원,건강,취약계층 및 금융지원",방법,1
"금융･복지･문화,금융･복지･문화,금융･복지･문화,금융･복지･문화 > 예술인지원,문화활동 및 생활지원,건강,취약계층 및 금융지원",통한,1
"금융･복지･문화,금융･복지･문화,금융･복지･문화,금융･복지･문화 > 예술인지원,문화활동 및 생활지원,건강,취약계층 및 금융지원",회원,1
"금융･복지･문화,금융･복지･문화,금융･복지･문화,금융･복지･문화 > 예술인지원,문화활동 및 생활지원,건강,취약계층 및 금융지원",가입,1
"금융･복지･문화,금융･복지･문화,금융･복지･문화,금융･복지･문화 > 예술인지원,문화활동 및 생활지원,건강,취약계층 및 금융지원",선착순,1
"금융･복지･문화,금융･복지･문화,금융･복지･문화,금융･복지･문화 > 예술인지원,문화활동 및 생활지원,건강,취약계층 및 금융지원",별도,1
"금융･복지･문화,금융･복지･문화,금융･복지･문화,금융･복지･문화 > 예술인지원,문화활동 및 생활지원,건강,취약계층 및 금융지원",출처,1
"일자리,일자리 > 창업,취업",보증,22
"일자리,일자리 > 창업,취업",상환,16
"일자리,일자리 > 창업,취업",폐업,8
"일자리,일자리 > 창업,취업",완화,8
"일자리,일자리 > 창업,취업",재기,8
"일자리,일자리 > 창업,취업",기회,8
"일자리,일자리 > 창업,취업",기존,8
"일자리,일자리 > 창업,취업",출금,8
"일자리,일자리 > 창업,취업",정상,8
"일자리,일자리 > 창업,취업",유도,8
"일자리,일자리 > 창업,취업",신용,6
"일자리,일자리 > 창업,취업",브릿지,4
"일자리,일자리 > 창업,취업",실패,4
"일자리,일자리 > 창업,취업",보장,4
"일자리,일자리 > 창업,취업",강화,4
"일자리,일자리 > 창업,취업",자영,4
"일자리,일자리 > 창업,취업",업자,4
"일자리,일자리 > 창업,취업",전액,4
"일자리,일자리 > 창업,취업",일시,4
"일자리,일자리 > 창업,취업",의무,4
"일자리,일자리 > 창업,취업",업체,4
"일자리,일자리 > 창업,취업",지속,4
"일자리,일자리 > 창업,취업",이용,4
"일자리,일자리 > 창업,취업",부담,4
"일자리,일자리 > 창업,취업",정책,4
"일자리,일자리 > 창업,취업",일자리,4
"일자리,일자리 > 창업,취업",제주,4
"일자리,일자리 > 창업,취업",재단,4
"일자리,일자리 > 창업,취업",드림,4
"일자리,일자리 > 창업,취업",지점,4
"일자리,일자리 > 창업,취업",분야,2
"일자리,일자리 > 창업,취업",창업,2
"일자리,일자리 > 창업,취업",취업,2
"일자리,일자리 > 창업,취업",워드,2
"일자리,일자리 > 창업,취업",금리,2
"일자리,일자리 > 창업,취업",혜택,2
"일자리,일자리 > 창업,취업",요약,2
"일자리,일자리 > 창업,취업",주관,2
"일자리,일자리 > 창업,취업",특별자치도,2
"일자리,일자리 > 창업,취업",상공,2
"일자리,일자리 > 창업,취업",나이,2
"일자리,일자리 > 창업,취업",조건,2
"일자리,일자리 > 창업,취업",방법,2
"일자리,일자리 > 창업,취업",통한,2
"일자리,일자리 > 창업,취업",선택,2
"일자리,일자리 > 창업,취업",회원,2
"일자리,일자리 > 창업,취업",가입,2
"일자리,일자리 > 창업,취업",로그인,2
"일자리,일자리 > 창업,취업",클릭,2
"일자리,일자리 > 창업,취업",신청서,2
"일자리,일자리 > 창업,취업",작성,2
"일자리,일자리 > 창업,취업",의처,2
"일자리,일자리 > 창업,취업",본점,2
"일자리,일자리 > 창업,취업",서귀포,2
"일자리,일자리 > 창업,취업",출처,1
"금융･복지･문화,금융･복지･문화 > 예술인지원,문화활동 및 생활지원",청년,26
"금융･복지･문화,금융･복지･문화 > 예술인지원,문화활동 및 생활지원",예술,19
"금융･복지･문화,금융･복지･문화 > 예술인지원,문화활동 및 생활지원",활동,17
"금융･복지･문화,금융･복지･문화 > 예술인지원,문화활동 및 생활지원",예술인,15
"금융･복지･문화,금융･복지･문화 > 예술인지원,문화활동 및 생활지원",문화,10
"금융･복지･문화,금융･복지･문화 > 예술인지원,문화활동 및 생활지원",분야,10
"금융･복지･문화,금융･복지･문화 > 예술인지원,문화활동 및 생활지원",성장,6
"금융･복지･문화,금융･복지･문화 > 예술인지원,문화활동 및 생활지원",원금,6
"금융･복지･문화,금융･복지･문화 > 예술인지원,문화활동 및 생활지원",발표,6
"금융･복지･문화,금융･복지･문화 > 예술인지원,문화활동 및 생활지원",백만원,6
"금융･복지･문화,금융･복지･문화 > 예술인지원,문화활동 및 생활지원",콘텐츠,6
"금융･복지･문화,금융･복지･문화 > 예술인지원,문화활동 및 생활지원",공모,5
"금융･복지･문화,금융･복지･문화 > 예술인지원,문화활동 및 생활지원",장지원,4
"금융･복지･문화,금융･복지･문화 > 예술인지원,문화활동 및 생활지원",기획,4
"금융･복지･문화,금융･복지･문화 > 예술인지원,문화활동 및 생활지원",처음,4
"금융･복지･문화,금융･복지･문화 > 예술인지원,문화활동 및 생활지원",문학,4
"금융･복지･문화,금융･복지･문화 > 예술인지원,문화활동 및 생활지원",시각예술,4
"금융･복지･문화,금융･복지･문화 > 예술인지원,문화활동 및 생활지원",규모,4
"금융･복지･문화,금융･복지･문화 > 예술인지원,문화활동 및 생활지원",창작,4
"금융･복지･문화,금융･복지･문화 > 예술인지원,문화활동 및 생활지원",제작,4
"금융･복지･문화,금융･복지･문화 > 예술인지원,문화활동 및 생활지원",목적,2
"금융･복지･문화,금융･복지･문화 > 예술인지원,문화활동 및 생활지원",도내,2
"금융･복지･문화,금융･복지･문화 > 예술인지원,문화활동 및 생활지원",예술가,2
"금융･복지･문화,금융･복지･문화 > 예술인지원,문화활동 및 생활지원",기회,2
"금융･복지･문화,금융･복지･문화 > 예술인지원,문화활동 및 생활지원",장기,2
"금융･복지･문화,금융･복지･문화 > 예술인지원,문화활동 및 생활지원",관점,2
"금융･복지･문화,금융･복지･문화 > 예술인지원,문화활동 및 생활지원",체계,2
"금융･복지･문화,금융･복지･문화 > 예술인지원,문화활동 및 생활지원",조성,2
"금융･복지･문화,금융･복지･문화 > 예술인지원,문화활동 및 생활지원",제주도,2
"금융･복지･문화,금융･복지･문화 > 예술인지원,문화활동 및 생활지원",거주,2
"금융･복지･문화,금융･복지･문화 > 예술인지원,문화활동 및 생활지원",연령,2
"금융･복지･문화,금융･복지･문화 > 예술인지원,문화활동 및 생활지원",제한,2
"금융･복지･문화,금융･복지･문화 > 예술인지원,문화활동 및 생활지원",완료,2
"금융･복지･문화,금융･복지･문화 > 예술인지원,문화활동 및 생활지원",소요,2
"금융･복지･문화,금융･복지･문화 > 예술인지원,문화활동 및 생활지원",직접,2
"금융･복지･문화,금융･복지･문화 > 예술인지원,문화활동 및 생활지원",경비,2
"금융･복지･문화,금융･복지･문화 > 예술인지원,문화활동 및 생활지원",공연예술,2
"금융･복지･문화,금융･복지･문화 > 예술인지원,문화활동 및 생활지원",순수,2
"금융･복지･문화,금융･복지･문화 > 예술인지원,문화활동 및 생활지원",자의,2
"금융･복지･문화,금융･복지･문화 > 예술인지원,문화활동 및 생활지원",원천,2
"금융･복지･문화,금융･복지･문화 > 예술인지원,문화활동 및 생활지원",개발,2
"금융･복지･문화,금융･복지･문화 > 예술인지원,문화활동 및 생활지원",통한,2
"금융･복지･문화,금융･복지･문화 > 예술인지원,문화활동 및 생활지원",개년,2
"금융･복지･문화,금융･복지･문화 > 예술인지원,문화활동 및 생활지원",연극,2
"금융･복지･문화,금융･복지･문화 > 예술인지원,문화활동 및 생활지원",무용,2
"금융･복지･문화,금융･복지･문화 > 예술인지원,문화활동 및 생활지원",음악,2
"금융･복지･문화,금융･복지･문화 > 예술인지원,문화활동 및 생활지원",전통예술,2
"금융･복지･문화,금융･복지･문화 > 예술인지원,문화활동 및 생활지원",하반기,2
"금융･복지･문화,금융･복지･문화 > 예술인지원,문화활동 및 생활지원",분할,2
"금융･복지･문화,금융･복지･문화 > 예술인지원,문화활동 및 생활지원",지급,2
"금융･복지･문화,금융･복지･문화 > 예술인지원,문화활동 및 생활지원",예정,2
"금융･복지･문화,금융･복지･문화 > 예술인지원,문화활동 및 생활지원",홍보,2
"금융･복지･문화,금융･복지･문화 > 예술인지원,문화활동 및 생활지원",유회,2
"금융･복지･문화,금융･복지･문화 > 예술인지원,문화활동 및 생활지원",공유,2
"금융･복지･문화,금융･복지･문화 > 예술인지원,문화활동 및 생활지원",개선,2
"금융･복지･문화,금융･복지･문화 > 예술인지원,문화활동 및 생활지원",간담,2
"금융･복지･문화,금융･복지･문화 > 예술인지원,문화활동 및 생활지원",네트워킹,2
"금융･복지･문화,금융･복지･문화 > 예술인지원,문화활동 및 생활지원",창의력,2
"금융･복지･문화,금융･복지･문화 > 예술인지원,문화활동 및 생활지원",협업,2
"금융･복지･문화,금융･복지･문화 > 예술인지원,문화활동 및 생활지원",향상,2
"금융･복지･문화,금융･복지･문화 > 예술인지원,문화활동 및 생활지원",정책,2
"금융･복지･문화,금융･복지･문화 > 예술인지원,문화활동 및 생활지원",금융,2
"금융･복지･문화,금융･복지･문화 > 예술인지원,문화활동 및 생활지원",복지,2
"금융･복지･문화,금융･복지･문화 > 예술인지원,문화활동 및 생활지원",제주,2
"금융･복지･문화,금융･복지･문화 > 예술인지원,문화활동 및 생활지원",온라인,2
"금융･복지･문화,금융･복지･문화 > 예술인지원,문화활동 및 생활지원",신청서,2
"금융･복지･문화,금융･복지･문화 > 예술인지원,문화활동 및 생활지원",제출,2
"금융･복지･문화,금융･복지･문화 > 예술인지원,문화활동 및 생활지원",참고,2
"금융･복지･문화,금융･복지･문화 > 예술인지원,문화활동 및 생활지원",생활,1
"금융･복지･문화,금융･복지･문화 > 예술인지원,문화활동 및 생활지원",워드,1
"금융･복지･문화,금융･복지･문화 > 예술인지원,문화활동 및 생활지원",보조금,1
"금융･복지･문화,금융･복지･문화 > 예술인지원,문화활동 및 생활지원",요약,1
"금융･복지･문화,금융･복지･문화 > 예술인지원,문화활동 및 생활지원",주관,1
"금융･복지･문화,금융･복지･문화 > 예술인지원,문화활동 및 생활지원",특별자치도,1
"금융･복지･문화,금융･복지･문화 > 예술인지원,문화활동 및 생활지원",나이,1
"금융･복지･문화,금융･복지･문화 > 예술인지원,문화활동 및 생활지원",조건,1
"금융･복지･문화,금융･복지･문화 > 예술인지원,문화활동 및 생활지원",방법,1
"금융･복지･문화,금융･복지･문화 > 예술인지원,문화활동 및 생활지원",재단,1
"금융･복지･문화,금융･복지･문화 > 예술인지원,문화활동 및 생활지원",통합,1
"금융･복지･문화,금융･복지･문화 > 예술인지원,문화활동 및 생활지원",필수,1
"금융･복지･문화,금융･복지･문화 > 예술인지원,문화활동 및 생활지원",서류,1
"금융･복지･문화,금융･복지･문화 > 예술인지원,문화활동 및 생활지원",자격,1
"금융･복지･문화,금융･복지･문화 > 예술인지원,문화활동 및 생활지원",자료,1
"금융･복지･문화,금융･복지･문화 > 예술인지원,문화활동 및 생활지원",비고,1
"금융･복지･문화,금융･복지･문화 > 예술인지원,문화활동 및 생활지원",대상자,1
"금융･복지･문화,금융･복지･문화 > 예술인지원,문화활동 및 생활지원",마감,1
"금융･복지･문화,금융･복지･문화 > 예술인지원,문화활동 및 생활지원",출처,1
"주거,주거 > 주택 및 거주지,전월세 및 주거급여 지원",주택,26
"주거,주거 > 주택 및 거주지,전월세 및 주거급여 지원",청년,16
"주거,주거 > 주택 및 거주지,전월세 및 주거급여 지원",주거,13
"주거,주거 > 주택 및 거주지,전월세 및 주거급여 지원",대출,13
"주거,주거 > 주택 및 거주지,전월세 및 주거급여 지원",월세,12
"주거,주거 > 주택 및 거주지,전월세 및 주거급여 지원",최대,10
"주거,주거 > 주택 및 거주지,전월세 및 주거급여 지원",이자,9
"주거,주거 > 주택 및 거주지,전월세 및 주거급여 지원",부담,8
"주거,주거 > 주택 및 거주지,전월세 및 주거급여 지원",소득,8
"주거,주거 > 주택 및 거주지,전월세 및 주거급여 지원",신혼부부,8
"주거,주거 > 주택 및 거주지,전월세 및 주거급여 지원",전세,8
"주거,주거 > 주택 및 거주지,전월세 및 주거급여 지원",자금,8
"주거,주거 > 주택 및 거주지,전월세 및 주거급여 지원",가구,7
"주거,주거 > 주택 및 거주지,전월세 및 주거급여 지원",정책,6
"주거,주거 > 주택 및 거주지,전월세 및 주거급여 지원",계층,6
"주거,주거 > 주택 및 거주지,전월세 및 주거급여 지원",중개,6
"주거,주거 > 주택 및 거주지,전월세 및 주거급여 지원",수수료,6
"주거,주거 > 주택 및 거주지,전월세 및 주거급여 지원",조건,5
"주거,주거 > 주택 및 거주지,전월세 및 주거급여 지원",자녀,5
"주거,주거 > 주택 및 거주지,전월세 및 주거급여 지원",출산,5
"주거,주거 > 주택 및 거주지,전월세 및 주거급여 지원",경감,4
"주거,주거 > 주택 및 거주지,전월세 및 주거급여 지원",부모,4
"주거,주거 > 주택 및 거주지,전월세 및 주거급여 지원",별도,4
"주거,주거 > 주택 및 거주지,전월세 및 주거급여 지원",거주,4
"주거,주거 > 주택 및 거주지,전월세 및 주거급여 지원",세대주,4
"주거,주거 > 주택 및 거주지,전월세 및 주거급여 지원",임차료,4
"주거,주거 > 주택 및 거주지,전월세 및 주거급여 지원",연령,4
"주거,주거 > 주택 및 거주지,전월세 및 주거급여 지원",제한,4
"주거,주거 > 주택 및 거주지,전월세 및 주거급여 지원",중위,4
"주거,주거 > 주택 및 거주지,전월세 및 주거급여 지원",제주,4
"주거,주거 > 주택 및 거주지,전월세 및 주거급여 지원",경제,4
"주거,주거 > 주택 및 거주지,전월세 및 주거급여 지원",사회,4
"주거,주거 > 주택 및 거주지,전월세 및 주거급여 지원",초년,4
"주거,주거 > 주택 및 거주지,전월세 및 주거급여 지원",이내,4
"주거,주거 > 주택 및 거주지,전월세 및 주거급여 지원",거취,4
"주거,주거 > 주택 및 거주지,전월세 및 주거급여 지원",분야,3
"주거,주거 > 주택 및 거주지,전월세 및 주거급여 지원",거주지,3
"주거,주거 > 주택 및 거주지,전월세 및 주거급여 지원",전월세,3
"주거,주거 > 주택 및 거주지,전월세 및 주거급여 지원",급여,3
"주거,주거 > 주택 및 거주지,전월세 및 주거급여 지원",워드,3
"주거,주거 > 주택 및 거주지,전월세 및 주거급여 지원",주거지,3
"주거,주거 > 주택 및 거주지,전월세 및 주거급여 지원",요약,3
"주거,주거 > 주택 및 거주지,전월세 및 주거급여 지원",주관,3
"주거,주거 > 주택 및 거주지,전월세 및 주거급여 지원",나이,3
"주거,주거 > 주택 및 거주지,전월세 및 주거급여 지원",방법,3
"주거,주거 > 주택 및 거주지,전월세 및 주거급여 지원",온라인,3
"주거,주거 > 주택 및 거주지,전월세 및 주거급여 지원",비고,3
"주거,주거 > 주택 및 거주지,전월세 및 주거급여 지원",방문,3
"주거,주거 > 주택 및 거주지,전월세 및 주거급여 지원",우리,2
"주거,주거 > 주택 및 거주지,전월세 및 주거급여 지원",주소,2
"주거,주거 > 주택 및 거주지,전월세 및 주거급여 지원",요건,2
"주거,주거 > 주택 및 거주지,전월세 및 주거급여 지원",개월,2
"주거,주거 > 주택 및 거주지,전월세 및 주거급여 지원",특별자치도,2
"주거,주거 > 주택 및 거주지,전월세 및 주거급여 지원",가정,2
"주거,주거 > 주택 및 거주지,전월세 및 주거급여 지원",해소,2
"주거,주거 > 주택 및 거주지,전월세 및 주거급여 지원",입자,2
"주거,주거 > 주택 및 거주지,전월세 및 주거급여 지원",확대,2
"주거,주거 > 주택 및 거주지,전월세 및 주거급여 지원",시행,2
"주거,주거 > 주택 및 거주지,전월세 및 주거급여 지원",혼인,2
"주거,주거 > 주택 및 거주지,전월세 및 주거급여 지원",취업,2
"주거,주거 > 주택 및 거주지,전월세 및 주거급여 지원",사람,2
"주거,주거 > 주택 및 거주지,전월세 및 주거급여 지원",고정,2
"주거,주거 > 주택 및 거주지,전월세 및 주거급여 지원",금리,2
"주거,주거 > 주택 및 거주지,전월세 및 주거급여 지원",도민,2
"주거,주거 > 주택 및 거주지,전월세 및 주거급여 지원",잔액,2
"주거,주거 > 주택 및 거주지,전월세 및 주거급여 지원",이율,2
"주거,주거 > 주택 및 거주지,전월세 및 주거급여 지원",접수,2
"주거,주거 > 주택 및 거주지,전월세 및 주거급여 지원",토지,2
"주거,주거 > 주택 및 거주지,전월세 및 주거급여 지원",이전,2
"주거,주거 > 주택 및 거주지,전월세 및 주거급여 지원",일부,2
"주거,주거 > 주택 및 거주지,전월세 및 주거급여 지원",기초,2
"주거,주거 > 주택 및 거주지,전월세 및 주거급여 지원",생활,2
"주거,주거 > 주택 및 거주지,전월세 및 주거급여 지원",수급,2
"주거,주거 > 주택 및 거주지,전월세 및 주거급여 지원",상위,2
"주거,주거 > 주택 및 거주지,전월세 및 주거급여 지원",한부모,2
"주거,주거 > 주택 및 거주지,전월세 및 주거급여 지원",가족,2
"주거,주거 > 주택 및 거주지,전월세 및 주거급여 지원",규모,2
"주거,주거 > 주택 및 거주지,전월세 및 주거급여 지원",금액,2
"주거,주거 > 주택 및 거주지,전월세 및 주거급여 지원",지원기,2
"주거,주거 > 주택 및 거주지,전월세 및 주거급여 지원",계약,2
"주거,주거 > 주택 및 거주지,전월세 및 주거급여 지원",일로,2
"주거,주거 > 주택 및 거주지,전월세 및 주거급여 지원",횟수,2
"주거,주거 > 주택 및 거주지,전월세 및 주거급여 지원",지급,2
"주거,주거 > 주택 및 거주지,전월세 및 주거급여 지원",복지로,1
"주거,주거 > 주택 및 거주지,전월세 및 주거급여 지원",주민,1
"주거,주거 > 주택 및 거주지,전월세 및 주거급여 지원",국토부,1
"주거,주거 > 주택 및 거주지,전월세 및 주거급여 지원",자체,1
"주거,주거 > 주택 및 거주지,전월세 및 주거급여 지원",사업인,1
"주거,주거 > 주택 및 거주지,전월세 및 주거급여 지원",희망,1
"주거,주거 > 주택 및 거주지,전월세 및 주거급여 지원",충전,1
"주거,주거 > 주택 및 거주지,전월세 및 주거급여 지원",변동,1
"주거,주거 > 주택 및 거주지,전월세 및 주거급여 지원",건설,1
"주거,주거 > 주택 및 거주지,전월세 및 주거급여 지원",이자지,1
"주거,주거 > 주택 및 거주지,전월세 및 주거급여 지원",종료,1
"주거,주거 > 주택 및 거주지,전월세 및 주거급여 지원",예정,1
"주거,주거 > 주택 및 거주지,전월세 및 주거급여 지원",주소지,1
"주거,주거 > 주택 및 거주지,전월세 및 주거급여 지원",도청,1
"주거,주거 > 주택 및 거주지,전월세 및 주거급여 지원",홈페이지,1
"주거,주거 > 주택 및 거주지,전월세 및 주거급여 지원",정부,1
"주거,주거 > 주택 및 거주지,전월세 및 주거급여 지원",시청,1
"참여･기반,참여･기반 > 정책인프라구축,청년참여",청년,16
"참여･기반,참여･기반 > 정책인프라구축,청년참여",기반,6
"참여･기반,참여･기반 > 정책인프라구축,청년참여",아이디어,4
"참여･기반,참여･기반 > 정책인프라구축,청년참여",제안,4
"참여･기반,참여･기반 > 정책인프라구축,청년참여",마련,4
"참여･기반,참여･기반 > 정책인프라구축,청년참여",정책,4
"참여･기반,참여･기반 > 정책인프라구축,청년참여",반상회,2
"참여･기반,참여･기반 > 정책인프라구축,청년참여",소통,2
"참여･기반,참여･기반 > 정책인프라구축,청년참여",바탕,2
"참여･기반,참여･기반 > 정책인프라구축,청년참여",다변,2
"참여･기반,참여･기반 > 정책인프라구축,청년참여",의제,2
"참여･기반,참여･기반 > 정책인프라구축,청년참여",현안,2
"참여･기반,참여･기반 > 정책인프라구축,청년참여",의견,2
"참여･기반,참여･기반 > 정책인프라구축,청년참여",네트워크,2
"참여･기반,참여･기반 > 정책인프라구축,청년참여",활성화,2
"참여･기반,참여･기반 > 정책인프라구축,청년참여",현장,2
"참여･기반,참여･기반 > 정책인프라구축,청년참여",얘기,2
"참여･기반,참여･기반 > 정책인프라구축,청년참여",주제,2
"참여･기반,참여･기반 > 정책인프라구축,청년참여",네트워킹,2
"참여･기반,참여･기반 > 정책인프라구축,청년참여",분야,1
"참여･기반,참여･기반 > 정책인프라구축,청년참여",인프라,1
"참여･기반,참여･기반 > 정책인프라구축,청년참여",구축,1
"참여･기반,참여･기반 > 정책인프라구축,청년참여",워드,1
"참여･기반,참여･기반 > 정책인프라구축,청년참여",맞춤,1
"참여･기반,참여･기반 > 정책인프라구축,청년참여",상담,1
"참여･기반,참여･기반 > 정책인프라구축,청년참여",요약,1
"참여･기반,참여･기반 > 정책인프라구축,청년참여",주관,1
"참여･기반,참여･기반 > 정책인프라구축,청년참여",제주,1
"참여･기반,참여･기반 > 정책인프라구축,청년참여",특별자치도,1
"참여･기반,참여･기반 > 정책인프라구축,청년참여",기획,1
"참여･기반,참여･기반 > 정책인프라구축,청년참여",정실,1
"참여･기반,참여･기반 > 정책인프라구축,청년참여",담당,1
"참여･기반,참여･기반 > 정책인프라구축,청년참여",나이,1
"참여･기반,참여･기반 > 정책인프라구축,청년참여",조건,1
"참여･기반,참여･기반 > 정책인프라구축,청년참여",방법,1
"참여･기반,참여･기반 > 정책인프라구축,청년참여",조사,1
"참여･기반,참여･기반 > 정책인프라구축,청년참여",제출,1
주거 > 기숙사,기숙사,28
주거 > 기숙사,조건,22
주거 > 기숙사,대학생,22
주거 > 기숙사,중소기업,20
주거 > 기숙사,주거,19
주거 > 기숙사,대학,19
주거 > 기숙사,정책,18
주거 > 기숙사,청년,17
주거 > 기숙사,울산,15
주거 > 기숙사,거주,14
주거 > 기숙사,제한,13
주거 > 기숙사,안정,12
주거 > 기숙사,개사,12
주거 > 기숙사,연령,12
주거 > 기숙사,심사,12
주거 > 기숙사,소득,12
주거 > 기숙사,학생,12
주거 > 기숙사,증명서,11
주거 > 기숙사,방법,10
주거 > 기숙사,제출,10
주거 > 기숙사,건강,10
주거 > 기숙사,시설,10
주거 > 기숙사,출신,10
주거 > 기숙사,분야,9
주거 > 기숙사,워드,9
주거 > 기숙사,요약,9
주거 > 기숙사,주관,9
주거 > 기숙사,나이,9
주거 > 기숙사,인재,9
주거 > 기숙사,학사,9
주거 > 기숙사,부모,9
주거 > 기숙사,충남,9
주거 > 기숙사,근로자,8
주거 > 기숙사,환경,8
주거 > 기숙사,관내,8
주거 > 기숙사,이전,8
주거 > 기숙사,이내,8
주거 > 기숙사,금액,8
주거 > 기숙사,중인,8
주거 > 기숙사,주거지,8
주거 > 기숙사,선발,8
주거 > 기숙사,소재,8
주거 > 기숙사,홈페이지,8
주거 > 기숙사,서류,8
주거 > 기숙사,사관,8
주거 > 기숙사,처분,8
주거 > 기숙사,주민등록,7
주거 > 기숙사,진흥,7
주거 > 기숙사,수도권,7
주거 > 기숙사,성장,6
주거 > 기숙사,설립,6
주거 > 기숙사,개월,6
주거 > 기숙사,출처,6
주거 > 기숙사,연합,6
주거 > 기숙사,재학,6
주거 > 기숙사,보호자,6
주거 > 기숙사,평균,6
주거 > 기숙사,확충,6
주거 > 기숙사,남명,6
주거 > 기숙사,공동,6
주거 > 기숙사,학숙,6
주거 > 기숙사,숙식,6
주거 > 기숙사,편의,6
주거 > 기숙사,통한,5
주거 > 기숙사,일자리,5
주거 > 기숙사,참조,5
주거 > 기숙사,참고,5
주거 > 기숙사,보험료,5
주거 > 기숙사,충청남도,5
주거 > 기숙사,웰스,4
주거 > 기숙사,테이,4
주거 > 기숙사,조성,4
주거 > 기숙사,고용,4
주거 > 기숙사,인구,4
주거 > 기숙사,유입,4
주거 > 기숙사,기반,4
주거 > 기숙사,마련,4
주거 > 기숙사,공기업,4
주거 > 기숙사,업주,4
주거 > 기숙사,명의,4
주거 > 기숙사,임차,4
주거 > 기숙사,임차료,4
주거 > 기숙사,월세,4
주거 > 기숙사,규모,4
주거 > 기숙사,인원,4
주거 > 기숙사,최대,4
주거 > 기숙사,한도,4
주거 > 기숙사,단공,4
주거 > 기숙사,지부,4
주거 > 기숙사,유사,4
주거 > 기숙사,행시,4
주거 > 기숙사,국가,4
주거 > 기숙사,수혜,4
주거 > 기숙사,재직,4
주거 > 기숙사,근로,4
주거 > 기숙사,계약,4
주거 > 기숙사,정함,4
주거 > 기숙사,정규직,4
주거 > 기숙사,완료,4
주거 > 기숙사,백만원,4
"일자리,일자리 > 재직자,권익보호",필수,18
"일자리,일자리 > 재직자,권익보호",신입사원,12
"일자리,일자리 > 재직자,권익보호",사제,10
"일자리,일자리 > 재직자,권익보호",교육,9
"일자리,일자리 > 재직자,권익보호",수당,8
"일자리,일자리 > 재직자,권익보호",의사,8
"일자리,일자리 > 재직자,권익보호",백만원,8
"일자리,일자리 > 재직자,권익보호",정착,8
"일자리,일자리 > 재직자,권익보호",시범,6
"일자리,일자리 > 재직자,권익보호",적응,6
"일자리,일자리 > 재직자,권익보호",관내,6
"일자리,일자리 > 재직자,권익보호",중소기업,6
"일자리,일자리 > 재직자,권익보호",대표,6
"일자리,일자리 > 재직자,권익보호",인사,6
"일자리,일자리 > 재직자,권익보호",담당자,6
"일자리,일자리 > 재직자,권익보호",계약,4
"일자리,일자리 > 재직자,권익보호",전문의,4
"일자리,일자리 > 재직자,권익보호",근무,4
"일자리,일자리 > 재직자,권익보호",정주,4
"일자리,일자리 > 재직자,권익보호",여건,4
"일자리,일자리 > 재직자,권익보호",동행,4
"일자리,일자리 > 재직자,권익보호",전입,4
"일자리,일자리 > 재직자,권익보호",가족,4
"일자리,일자리 > 재직자,권익보호",정책,4
"일자리,일자리 > 재직자,권익보호",일자리,4
"일자리,일자리 > 재직자,권익보호",직장,4
"일자리,일자리 > 재직자,권익보호",조직,4
"일자리,일자리 > 재직자,권익보호",문화,4
"일자리,일자리 > 재직자,권익보호",분야,2
"일자리,일자리 > 재직자,권익보호",재직,2
"일자리,일자리 > 재직자,권익보호",권익,2
"일자리,일자리 > 재직자,권익보호",보호,2
"일자리,일자리 > 재직자,권익보호",워드,2
"일자리,일자리 > 재직자,권익보호",요약,2
"일자리,일자리 > 재직자,권익보호",주관,2
"일자리,일자리 > 재직자,권익보호",나이,2
"일자리,일자리 > 재직자,권익보호",조건,2
"일자리,일자리 > 재직자,권익보호",출처,2
"일자리,일자리 > 재직자,권익보호",평택,2
"일자리,일자리 > 재직자,권익보호",직문,2
"일자리,일자리 > 재직자,권익보호",업무,2
"일자리,일자리 > 재직자,권익보호",환경,2
"일자리,일자리 > 재직자,권익보호",원함,2
"일자리,일자리 > 재직자,권익보호",초기,2
"일자리,일자리 > 재직자,권익보호",실패,2
"일자리,일자리 > 재직자,권익보호",조기,2
"일자리,일자리 > 재직자,권익보호",퇴사,2
"일자리,일자리 > 재직자,권익보호",예방,2
"일자리,일자리 > 재직자,권익보호",인력,2
"일자리,일자리 > 재직자,권익보호",안정화,2
"일자리,일자리 > 재직자,권익보호",도모,2
"일자리,일자리 > 재직자,권익보호",인프라,2
"일자리,일자리 > 재직자,권익보호",소통,2
"일자리,일자리 > 재직자,권익보호",협업,2
"일자리,일자리 > 재직자,권익보호",보조금,1
"일자리,일자리 > 재직자,권익보호",경상남도,1
"일자리,일자리 > 재직자,권익보호",경기도,1
"일자리,일자리 > 재직자,권익보호",평택시,1
"일자리,일자리 > 재직자,권익보호",기획,1
"일자리,일자리 > 재직자,권익보호",항만,1
"일자리,일자리 > 재직자,권익보호",제실,1
"교육･직업훈련,교육･직업훈련 > 온·오프라인교육 ,미래역량강화",대학,32
"교육･직업훈련,교육･직업훈련 > 온·오프라인교육 ,미래역량강화",교육,30
"교육･직업훈련,교육･직업훈련 > 온·오프라인교육 ,미래역량강화",산업,22
"교육･직업훈련,교육･직업훈련 > 온·오프라인교육 ,미래역량강화",분야,20
"교육･직업훈련,교육･직업훈련 > 온·오프라인교육 ,미래역량강화",직업,20
"교육･직업훈련,교육･직업훈련 > 온·오프라인교육 ,미래역량강화",전문,18
"교육･직업훈련,교육･직업훈련 > 온·오프라인교육 ,미래역량강화",현장,18
"교육･직업훈련,교육･직업훈련 > 온·오프라인교육 ,미래역량강화",항공,16
"교육･직업훈련,교육･직업훈련 > 온·오프라인교육 ,미래역량강화",양성,14
"교육･직업훈련,교육･직업훈련 > 온·오프라인교육 ,미래역량강화",정책,13
"교육･직업훈련,교육･직업훈련 > 온·오프라인교육 ,미래역량강화",제한,12
"교육･직업훈련,교육･직업훈련 > 온·오프라인교육 ,미래역량강화",강화,12
"교육･직업훈련,교육･직업훈련 > 온·오프라인교육 ,미래역량강화",교육과정,12
"교육･직업훈련,교육･직업훈련 > 온·오프라인교육 ,미래역량강화",체계,10
"교육･직업훈련,교육･직업훈련 > 온·오프라인교육 ,미래역량강화",연령,10
"교육･직업훈련,교육･직업훈련 > 온·오프라인교육 ,미래역량강화",역량,10
"교육･직업훈련,교육･직업훈련 > 온·오프라인교육 ,미래역량강화",인재,10
"교육･직업훈련,교육･직업훈련 > 온·오프라인교육 ,미래역량강화",개발,10
"교육･직업훈련,교육･직업훈련 > 온·오프라인교육 ,미래역량강화",조건,9
"교육･직업훈련,교육･직업훈련 > 온·오프라인교육 ,미래역량강화",맞춤,8
"교육･직업훈련,교육･직업훈련 > 온·오프라인교육 ,미래역량강화",오프라인,8
"교육･직업훈련,교육･직업훈련 > 온·오프라인교육 ,미래역량강화",미래,8
"교육･직업훈련,교육･직업훈련 > 온·오프라인교육 ,미래역량강화",기술,8
"교육･직업훈련,교육･직업훈련 > 온·오프라인교육 ,미래역량강화",학생,8
"교육･직업훈련,교육･직업훈련 > 온·오프라인교육 ,미래역량강화",산학,8
"교육･직업훈련,교육･직업훈련 > 온·오프라인교육 ,미래역량강화",실무,8
"교육･직업훈련,교육･직업훈련 > 온·오프라인교육 ,미래역량강화",학과,7
"교육･직업훈련,교육･직업훈련 > 온·오프라인교육 ,미래역량강화",인력,6
"교육･직업훈련,교육･직업훈련 > 온·오프라인교육 ,미래역량강화",구축,6
"교육･직업훈련,교육･직업훈련 > 온·오프라인교육 ,미래역량강화",워드,6
"교육･직업훈련,교육･직업훈련 > 온·오프라인교육 ,미래역량강화",요약,6
"교육･직업훈련,교육･직업훈련 > 온·오프라인교육 ,미래역량강화",주관,6
"교육･직업훈련,교육･직업훈련 > 온·오프라인교육 ,미래역량강화",나이,6
"교육･직업훈련,교육･직업훈련 > 온·오프라인교육 ,미래역량강화",출처,6
"교육･직업훈련,교육･직업훈련 > 온·오프라인교육 ,미래역량강화",고교,6
"교육･직업훈련,교육･직업훈련 > 온·오프라인교육 ,미래역량강화",취득,6
"교육･직업훈련,교육･직업훈련 > 온·오프라인교육 ,미래역량강화",규모,6
"교육･직업훈련,교육･직업훈련 > 온·오프라인교육 ,미래역량강화",분석,6
"교육･직업훈련,교육･직업훈련 > 온·오프라인교육 ,미래역량강화",실습,6
"교육･직업훈련,교육･직업훈련 > 온·오프라인교육 ,미래역량강화",수행,6
"교육･직업훈련,교육･직업훈련 > 온·오프라인교육 ,미래역량강화",과제,6
"교육･직업훈련,교육･직업훈련 > 온·오프라인교육 ,미래역량강화",청년,5
"교육･직업훈련,교육･직업훈련 > 온·오프라인교육 ,미래역량강화",부산,5
"교육･직업훈련,교육･직업훈련 > 온·오프라인교육 ,미래역량강화",협력,5
"교육･직업훈련,교육･직업훈련 > 온·오프라인교육 ,미래역량강화",인천광역시,4
"교육･직업훈련,교육･직업훈련 > 온·오프라인교육 ,미래역량강화",해양,4
"교육･직업훈련,교육･직업훈련 > 온·오프라인교육 ,미래역량강화",학점,4
"교육･직업훈련,교육･직업훈련 > 온·오프라인교육 ,미래역량강화",수제,4
"교육･직업훈련,교육･직업훈련 > 온·오프라인교육 ,미래역량강화",활용,4
"교육･직업훈련,교육･직업훈련 > 온·오프라인교육 ,미래역량강화",학습,4
"교육･직업훈련,교육･직업훈련 > 온·오프라인교육 ,미래역량강화",연속성,4
"교육･직업훈련,교육･직업훈련 > 온·오프라인교육 ,미래역량강화",확보,4
"교육･직업훈련,교육･직업훈련 > 온·오프라인교육 ,미래역량강화",문학사,4
"교육･직업훈련,교육･직업훈련 > 온·오프라인교육 ,미래역량강화",조기,4
"교육･직업훈련,교육･직업훈련 > 온·오프라인교육 ,미래역량강화",마련,4
"교육･직업훈련,교육･직업훈련 > 온·오프라인교육 ,미래역량강화",구성,4
"교육･직업훈련,교육･직업훈련 > 온·오프라인교육 ,미래역량강화",내외,4
"교육･직업훈련,교육･직업훈련 > 온·오프라인교육 ,미래역량강화",고려,4
"교육･직업훈련,교육･직업훈련 > 온·오프라인교육 ,미래역량강화",평가,4
"교육･직업훈련,교육･직업훈련 > 온·오프라인교육 ,미래역량강화",결과,4
"교육･직업훈련,교육･직업훈련 > 온·오프라인교육 ,미래역량강화",대구,4
"교육･직업훈련,교육･직업훈련 > 온·오프라인교육 ,미래역량강화",경북,4
"교육･직업훈련,교육･직업훈련 > 온·오프라인교육 ,미래역량강화",위주,4
"교육･직업훈련,교육･직업훈련 > 온·오프라인교육 ,미래역량강화",장려,4
"교육･직업훈련,교육･직업훈련 > 온·오프라인교육 ,미래역량강화",인턴십,4
"교육･직업훈련,교육･직업훈련 > 온·오프라인교육 ,미래역량강화",복합,4
"교육･직업훈련,교육･직업훈련 > 온·오프라인교육 ,미래역량강화",교과,4
"교육･직업훈련,교육･직업훈련 > 온·오프라인교육 ,미래역량강화",프로젝트,4
"교육･직업훈련,교육･직업훈련 > 온·오프라인교육 ,미래역량강화",창업,4
"교육･직업훈련,교육･직업훈련 > 온·오프라인교육 ,미래역량강화",멘토,4
"교육･직업훈련,교육･직업훈련 > 온·오프라인교육 ,미래역량강화",특성,4
"교육･직업훈련,교육･직업훈련 > 온·오프라인교육 ,미래역량강화",주력,4
"교육･직업훈련,교육･직업훈련 > 온·오프라인교육 ,미래역량강화",영남대,4
"교육･직업훈련,교육･직업훈련 > 온·오프라인교육 ,미래역량강화",경국,4
"교육･직업훈련,교육･직업훈련 > 온·오프라인교육 ,미래역량강화",직무,4
"교육･직업훈련,교육･직업훈련 > 온·오프라인교육 ,미래역량강화",능력,4
"교육･직업훈련,교육･직업훈련 > 온·오프라인교육 ,미래역량강화",추가,3
"교육･직업훈련,교육･직업훈련 > 온·오프라인교육 ,미래역량강화",자격,3
"교육･직업훈련,교육･직업훈련 > 온·오프라인교육 ,미래역량강화",고등,3
"교육･직업훈련,교육･직업훈련 > 온·오프라인교육 ,미래역량강화",로봇공학,3
"교육･직업훈련,교육･직업훈련 > 온·오프라인교육 ,미래역량강화",생명,3
"교육･직업훈련,교육･직업훈련 > 온·오프라인교육 ,미래역량강화",반도체,3
"교육･직업훈련,교육･직업훈련 > 온·오프라인교육 ,미래역량강화",전자공학,3
"교육･직업훈련,교육･직업훈련 > 온·오프라인교육 ,미래역량강화",정비,2
"교육･직업훈련,교육･직업훈련 > 온·오프라인교육 ,미래역량강화",일자리,2
"교육･직업훈련,교육･직업훈련 > 온·오프라인교육 ,미래역량강화",인천,2
"교육･직업훈련,교육･직업훈련 > 온·오프라인교육 ,미래역량강화",고교생,2
"교육･직업훈련,교육･직업훈련 > 온·오프라인교육 ,미래역량강화",성장,2
"교육･직업훈련,교육･직업훈련 > 온·오프라인교육 ,미래역량강화",취업,2
"교육･직업훈련,교육･직업훈련 > 온·오프라인교육 ,미래역량강화",비고,2
"교육･직업훈련,교육･직업훈련 > 온·오프라인교육 ,미래역량강화",교육법,2
"교육･직업훈련,교육･직업훈련 > 온·오프라인교육 ,미래역량강화",목적,2
"교육･직업훈련,교육･직업훈련 > 온·오프라인교육 ,미래역량강화",변화,2
"교육･직업훈련,교육･직업훈련 > 온·오프라인교육 ,미래역량강화",대응,2
"교육･직업훈련,교육･직업훈련 > 온·오프라인교육 ,미래역량강화",전문대,2
"교육･직업훈련,교육･직업훈련 > 온·오프라인교육 ,미래역량강화",적기,2
"교육･직업훈련,교육･직업훈련 > 온·오프라인교육 ,미래역량강화",개요,2
"교육･직업훈련,교육･직업훈련 > 온·오프라인교육 ,미래역량강화",컨소시엄,2
"교육･직업훈련,교육･직업훈련 > 온·오프라인교육 ,미래역량강화",최대,2
"교육･직업훈련,교육･직업훈련 > 온·오프라인교육 ,미래역량강화",권역별,2
참여･기반 > 청년국제교류,새마을,20
참여･기반 > 청년국제교류,청년,12
참여･기반 > 청년국제교류,해외,12
참여･기반 > 청년국제교류,재단,11
참여･기반 > 청년국제교류,독도,11
참여･기반 > 청년국제교류,세계,10
참여･기반 > 청년국제교류,홈페이지,9
참여･기반 > 청년국제교류,파견,8
참여･기반 > 청년국제교류,국제,8
참여･기반 > 청년국제교류,정책,8
참여･기반 > 청년국제교류,교류,8
참여･기반 > 청년국제교류,외국인,8
참여･기반 > 청년국제교류,심사,7
참여･기반 > 청년국제교류,새마을운동,6
참여･기반 > 청년국제교류,역량,6
참여･기반 > 청년국제교류,봉사,6
참여･기반 > 청년국제교류,기반,6
참여･기반 > 청년국제교류,조건,6
참여･기반 > 청년국제교류,방법,6
참여･기반 > 청년국제교류,서류,6
참여･기반 > 청년국제교류,대회,6
참여･기반 > 청년국제교류,유학생,6
참여･기반 > 청년국제교류,대학,6
참여･기반 > 청년국제교류,연극제,6
참여･기반 > 청년국제교류,인턴,5
참여･기반 > 청년국제교류,선발,4
참여･기반 > 청년국제교류,지구촌,4
참여･기반 > 청년국제교류,빈곤,4
참여･기반 > 청년국제교류,극복,4
참여･기반 > 청년국제교류,농촌,4
참여･기반 > 청년국제교류,개발,4
참여･기반 > 청년국제교류,사무소,4
참여･기반 > 청년국제교류,근무,4
참여･기반 > 청년국제교류,업무,4
참여･기반 > 청년국제교류,수행,4
참여･기반 > 청년국제교류,기회,4
참여･기반 > 청년국제교류,부여,4
참여･기반 > 청년국제교류,대학생,4
참여･기반 > 청년국제교류,일자리,4
참여･기반 > 청년국제교류,분야,4
참여･기반 > 청년국제교류,워드,4
참여･기반 > 청년국제교류,요약,4
참여･기반 > 청년국제교류,주관,4
참여･기반 > 청년국제교류,나이,4
참여･기반 > 청년국제교류,출처,4
참여･기반 > 청년국제교류,주제,4
참여･기반 > 청년국제교류,연령,4
참여･기반 > 청년국제교류,제한,4
참여･기반 > 청년국제교류,교육,4
참여･기반 > 청년국제교류,연극,4
참여･기반 > 청년국제교류,학과,4
참여･기반 > 청년국제교류,시범,4
참여･기반 > 청년국제교류,마을,4
참여･기반 > 청년국제교류,단원,4
참여･기반 > 청년국제교류,고문,4
참여･기반 > 청년국제교류,경상북도,3
참여･기반 > 청년국제교류,재단법인,3
참여･기반 > 청년국제교류,발표,3
참여･기반 > 청년국제교류,면접,3
참여･기반 > 청년국제교류,제출,3
참여･기반 > 청년국제교류,참조,3
참여･기반 > 청년국제교류,글로벌,2
참여･기반 > 청년국제교류,지도자,2
참여･기반 > 청년국제교류,경북,2
참여･기반 > 청년국제교류,대구,2
참여･기반 > 청년국제교류,소재,2
참여･기반 > 청년국제교류,대학교,2
참여･기반 > 청년국제교류,구현,2
참여･기반 > 청년국제교류,해외진출,2
참여･기반 > 청년국제교류,안전,2
참여･기반 > 청년국제교류,행정,2
참여･기반 > 청년국제교류,통한,2
참여･기반 > 청년국제교류,대면,2
참여･기반 > 청년국제교류,추가,2
참여･기반 > 청년국제교류,자격,2
참여･기반 > 청년국제교류,국제사회,2
참여･기반 > 청년국제교류,홍보,2
참여･기반 > 청년국제교류,개최,2
참여･기반 > 청년국제교류,상금,2
참여･기반 > 청년국제교류,지급,2
참여･기반 > 청년국제교류,공지,2
참여･기반 > 청년국제교류,이나,2
참여･기반 > 청년국제교류,이슈,2
참여･기반 > 청년국제교류,대한민국,2
참여･기반 > 청년국제교류,기존,2
참여･기반 > 청년국제교류,경쟁,2
참여･기반 > 청년국제교류,중심,2
참여･기반 > 청년국제교류,차별,2
참여･기반 > 청년국제교류,미래,2
참여･기반 > 청년국제교류,연극인,2
참여･기반 > 청년국제교류,축제,2
참여･기반 > 청년국제교류,실현,2
참여･기반 > 청년국제교류,관내,2
참여･기반 > 청년국제교류,정규,2
참여･기반 > 청년국제교류,동아리,2
참여･기반 > 청년국제교류,공연예술,2
참여･기반 > 청년국제교류,공동,2
참여･기반 > 청년국제교류,프로젝트,2
참여･기반 > 청년국제교류,예술,2
참여･기반 > 청년국제교류,실무,2
참여권리 > 청년국제교류,청년,218
참여권리 > 청년국제교류,국제,139
참여권리 > 청년국제교류,교류,131
참여권리 > 청년국제교류,파견,105
참여권리 > 청년국제교류,정책,103
참여권리 > 청년국제교류,조건,94
참여권리 > 청년국제교류,봉사,87
참여권리 > 청년국제교류,협력,77
참여권리 > 청년국제교류,분야,74
참여권리 > 청년국제교류,연령,68
참여권리 > 청년국제교류,서류,63
참여권리 > 청년국제교류,해외,62
참여권리 > 청년국제교류,방법,59
참여권리 > 청년국제교류,제한,53
참여권리 > 청년국제교류,심사,49
참여권리 > 청년국제교류,기구,48
참여권리 > 청년국제교류,교육,47
참여권리 > 청년국제교류,경험,46
참여권리 > 청년국제교류,권리,45
참여권리 > 청년국제교류,주관,45
참여권리 > 청년국제교류,개발,45
참여권리 > 청년국제교류,워드,43
참여권리 > 청년국제교류,요약,43
참여권리 > 청년국제교류,나이,43
참여권리 > 청년국제교류,참고,40
참여권리 > 청년국제교류,자격,39
참여권리 > 청년국제교류,한국,39
참여권리 > 청년국제교류,통한,37
참여권리 > 청년국제교류,대학,37
참여권리 > 청년국제교류,해외진출,36
참여권리 > 청년국제교류,제출,36
참여권리 > 청년국제교류,활동,35
참여권리 > 청년국제교류,대학생,34
참여권리 > 청년국제교류,글로벌,33
참여권리 > 청년국제교류,학생,33
참여권리 > 청년국제교류,추가,32
참여권리 > 청년국제교류,국내,32
참여권리 > 청년국제교류,증명서,32
참여권리 > 청년국제교류,공지,31
참여권리 > 청년국제교류,현지,30
참여권리 > 청년국제교류,경력,30
참여권리 > 청년국제교류,대한민국,30
참여권리 > 청년국제교류,문화,28
참여권리 > 청년국제교류,국가,27
참여권리 > 청년국제교류,선발,27
참여권리 > 청년국제교류,인재,26
참여권리 > 청년국제교류,단원,25
참여권리 > 청년국제교류,기회,25
참여권리 > 청년국제교류,캠프,25
참여권리 > 청년국제교류,현장,24
참여권리 > 청년국제교류,사회,23
참여권리 > 청년국제교류,증진,23
참여권리 > 청년국제교류,유엔,23
참여권리 > 청년국제교류,산업,22
참여권리 > 청년국제교류,외교부,22
참여권리 > 청년국제교류,인턴,22
참여권리 > 청년국제교류,학력,21
참여권리 > 청년국제교류,전공,21
참여권리 > 청년국제교류,출처,20
참여권리 > 청년국제교류,상세,20
참여권리 > 청년국제교류,우리,20
참여권리 > 청년국제교류,수행,20
참여권리 > 청년국제교류,개월,20
참여권리 > 청년국제교류,역량,19
참여권리 > 청년국제교류,접수,19
참여권리 > 청년국제교류,전형,19
참여권리 > 청년국제교류,개최,18
참여권리 > 청년국제교류,확대,18
참여권리 > 청년국제교류,기여,18
참여권리 > 청년국제교류,발전,17
참여권리 > 청년국제교류,전문,17
참여권리 > 청년국제교류,인력,17
참여권리 > 청년국제교류,봉사활동,17
참여권리 > 청년국제교류,발표,17
참여권리 > 청년국제교류,예정,17
참여권리 > 청년국제교류,양성,16
참여권리 > 청년국제교류,에너지,16
참여권리 > 청년국제교류,근무,16
참여권리 > 청년국제교류,합격자,16
참여권리 > 청년국제교류,재외동포,16
참여권리 > 청년국제교류,전문가,15
참여권리 > 청년국제교류,요건,15
참여권리 > 청년국제교류,거주,15
참여권리 > 청년국제교류,참전,15
참여권리 > 청년국제교류,대구,15
참여권리 > 청년국제교류,외교,15
참여권리 > 청년국제교류,농업,14
참여권리 > 청년국제교류,소재,14
참여권리 > 청년국제교류,강화,14
참여권리 > 청년국제교류,사무소,14
참여권리 > 청년국제교류,기술,14
참여권리 > 청년국제교류,의료,14
참여권리 > 청년국제교류,업무,14
참여권리 > 청년국제교류,정부,14
참여권리 > 청년국제교류,관계,14
참여권리 > 청년국제교류,서울시,14
참여권리 > 청년국제교류,영문,14
참여권리 > 청년국제교류,한중,14
참여권리 > 청년국제교류,환경,13
참여권리 > 청년국제교류,면접,13
참여권리 > 권익보호,청년,135
참여권리 > 권익보호,활동,44
참여권리 > 권익보호,정책,38
참여권리 > 권익보호,교육,34
참여권리 > 권익보호,분야,30
참여권리 > 권익보호,권익,22
참여권리 > 권익보호,보호,22
참여권리 > 권익보호,공간,22
참여권리 > 권익보호,노동,20
참여권리 > 권익보호,권리,20
참여권리 > 권익보호,창업,20
참여권리 > 권익보호,조건,19
참여권리 > 권익보호,보조금,18
참여권리 > 권익보호,방법,17
참여권리 > 권익보호,단체,17
참여권리 > 권익보호,워드,16
참여권리 > 권익보호,요약,16
참여권리 > 권익보호,주관,16
참여권리 > 권익보호,나이,16
참여권리 > 권익보호,카페,15
참여권리 > 권익보호,사회,14
참여권리 > 권익보호,제출,13
참여권리 > 권익보호,제한,13
참여권리 > 권익보호,인권,12
참여권리 > 권익보호,강화,12
참여권리 > 권익보호,클래스,12
참여권리 > 권익보호,활성화,12
참여권리 > 권익보호,행사,12
참여권리 > 권익보호,서귀포시,12
참여권리 > 권익보호,서류,11
참여권리 > 권익보호,동아리,11
참여권리 > 권익보호,경기도,10
참여권리 > 권익보호,통한,10
참여권리 > 권익보호,역량,10
참여권리 > 권익보호,연령,10
참여권리 > 권익보호,경제,10
참여권리 > 권익보호,취미,10
참여권리 > 권익보호,홍보,10
참여권리 > 권익보호,커뮤니티,10
참여권리 > 권익보호,소통,10
참여권리 > 권익보호,금융,10
참여권리 > 권익보호,충청남도,9
참여권리 > 권익보호,신청서,9
참여권리 > 권익보호,동의,9
참여권리 > 권익보호,강좌,8
참여권리 > 권익보호,출처,8
참여권리 > 권익보호,상담,8
참여권리 > 권익보호,발굴,8
참여권리 > 권익보호,원데이,8
참여권리 > 권익보호,인재,8
참여권리 > 권익보호,심사,7
참여권리 > 권익보호,맞춤,7
참여권리 > 권익보호,제외,7
참여권리 > 권익보호,계획,7
참여권리 > 권익보호,개인정보,7
참여권리 > 권익보호,관내,7
참여권리 > 권익보호,집중,7
참여권리 > 권익보호,대학교,6
참여권리 > 권익보호,개발,6
참여권리 > 권익보호,대학,6
참여권리 > 권익보호,추진,6
참여권리 > 권익보호,홈페이지,6
참여권리 > 권익보호,노동권,6
참여권리 > 권익보호,자치,6
참여권리 > 권익보호,경찰,6
참여권리 > 권익보호,확대,6
참여권리 > 권익보호,노동자,6
참여권리 > 권익보호,증진,6
참여권리 > 권익보호,자격,6
참여권리 > 권익보호,이내,6
참여권리 > 권익보호,시스템,6
참여권리 > 권익보호,필수,6
참여권리 > 권익보호,발전,6
참여권리 > 권익보호,화합,6
참여권리 > 권익보호,네트워킹,6
참여권리 > 권익보호,공동체,6
참여권리 > 권익보호,충북,6
참여권리 > 권익보호,기획,5
참여권리 > 권익보호,민간,5
참여권리 > 권익보호,소개,5
참여권리 > 권익보호,참가자,5
참여권리 > 권익보호,지방,5
참여권리 > 권익보호,내외,5
참여권리 > 권익보호,개최,5
참여권리 > 권익보호,학교,5
참여권리 > 권익보호,청춘,5
참여권리 > 권익보호,제주,5
참여권리 > 권익보호,예산,5
참여권리 > 권익보호,개설,4
참여권리 > 권익보호,교양,4
참여권리 > 권익보호,학점,4
참여권리 > 권익보호,인정,4
참여권리 > 권익보호,특강,4
참여권리 > 권익보호,공모,4
참여권리 > 권익보호,문제해결,4
참여권리 > 권익보호,구제,4
참여권리 > 권익보호,치안,4
참여권리 > 권익보호,의제,4
참여권리 > 권익보호,도내,4
참여권리 > 권익보호,모든,4
"참여권리,참여권리 > 청년참여,정책인프라구축",청년,241
"참여권리,참여권리 > 청년참여,정책인프라구축",정책,119
"참여권리,참여권리 > 청년참여,정책인프라구축",활동,53
"참여권리,참여권리 > 청년참여,정책인프라구축",권리,41
"참여권리,참여권리 > 청년참여,정책인프라구축",분야,34
"참여권리,참여권리 > 청년참여,정책인프라구축",구축,30
"참여권리,참여권리 > 청년참여,정책인프라구축",커뮤니티,30
"참여권리,참여권리 > 청년참여,정책인프라구축",주관,24
"참여권리,참여권리 > 청년참여,정책인프라구축",조건,22
"참여권리,참여권리 > 청년참여,정책인프라구축",방법,22
"참여권리,참여권리 > 청년참여,정책인프라구축",교육,22
"참여권리,참여권리 > 청년참여,정책인프라구축",활성화,22
"참여권리,참여권리 > 청년참여,정책인프라구축",인프라,20
"참여권리,참여권리 > 청년참여,정책인프라구축",워드,20
"참여권리,참여권리 > 청년참여,정책인프라구축",요약,20
"참여권리,참여권리 > 청년참여,정책인프라구축",나이,20
"참여권리,참여권리 > 청년참여,정책인프라구축",발굴,18
"참여권리,참여권리 > 청년참여,정책인프라구축",사회,16
"참여권리,참여권리 > 청년참여,정책인프라구축",기회,16
"참여권리,참여권리 > 청년참여,정책인프라구축",회의,16
"참여권리,참여권리 > 청년참여,정책인프라구축",홍보,16
"참여권리,참여권리 > 청년참여,정책인프라구축",행사,15
"참여권리,참여권리 > 청년참여,정책인프라구축",어촌,15
"참여권리,참여권리 > 청년참여,정책인프라구축",부산,15
"참여권리,참여권리 > 청년참여,정책인프라구축",백전,15
"참여권리,참여권리 > 청년참여,정책인프라구축",출처,14
"참여권리,참여권리 > 청년참여,정책인프라구축",네트워크,14
"참여권리,참여권리 > 청년참여,정책인프라구축",개최,14
"참여권리,참여권리 > 청년참여,정책인프라구축",부천시,13
"참여권리,참여권리 > 청년참여,정책인프라구축",모임,12
"참여권리,참여권리 > 청년참여,정책인프라구축",대학생,12
"참여권리,참여권리 > 청년참여,정책인프라구축",농촌,12
"참여권리,참여권리 > 청년참여,정책인프라구축",플랫폼,12
"참여권리,참여권리 > 청년참여,정책인프라구축",포인트,12
"참여권리,참여권리 > 청년참여,정책인프라구축",지급,11
"참여권리,참여권리 > 청년참여,정책인프라구축",울산,11
"참여권리,참여권리 > 청년참여,정책인프라구축",연구,10
"참여권리,참여권리 > 청년참여,정책인프라구축",상담,10
"참여권리,참여권리 > 청년참여,정책인프라구축",통한,10
"참여권리,참여권리 > 청년참여,정책인프라구축",봉사활동,10
"참여권리,참여권리 > 청년참여,정책인프라구축",전환,10
"참여권리,참여권리 > 청년참여,정책인프라구축",소통,10
"참여권리,참여권리 > 청년참여,정책인프라구축",육성,10
"참여권리,참여권리 > 청년참여,정책인프라구축",제작,10
"참여권리,참여권리 > 청년참여,정책인프라구축",교류,10
"참여권리,참여권리 > 청년참여,정책인프라구축",마일리지,10
"참여권리,참여권리 > 청년참여,정책인프라구축",도내,9
"참여권리,참여권리 > 청년참여,정책인프라구축",발전,9
"참여권리,참여권리 > 청년참여,정책인프라구축",심사,9
"참여권리,참여권리 > 청년참여,정책인프라구축",공동체,8
"참여권리,참여권리 > 청년참여,정책인프라구축",문제,8
"참여권리,참여권리 > 청년참여,정책인프라구축",참여자,8
"참여권리,참여권리 > 청년참여,정책인프라구축",공간,8
"참여권리,참여권리 > 청년참여,정책인프라구축",맞춤,8
"참여권리,참여권리 > 청년참여,정책인프라구축",자발,8
"참여권리,참여권리 > 청년참여,정책인프라구축",역량,8
"참여권리,참여권리 > 청년참여,정책인프라구축",경남,8
"참여권리,참여권리 > 청년참여,정책인프라구축",청소년,8
"참여권리,참여권리 > 청년참여,정책인프라구축",어업,8
"참여권리,참여권리 > 청년참여,정책인프라구축",신규,8
"참여권리,참여권리 > 청년참여,정책인프라구축",자원봉사,8
"참여권리,참여권리 > 청년참여,정책인프라구축",진로,8
"참여권리,참여권리 > 청년참여,정책인프라구축",중인,8
"참여권리,참여권리 > 청년참여,정책인프라구축",창업,8
"참여권리,참여권리 > 청년참여,정책인프라구축",대학,8
"참여권리,참여권리 > 청년참여,정책인프라구축",콘텐츠,8
"참여권리,참여권리 > 청년참여,정책인프라구축",공통,8
"참여권리,참여권리 > 청년참여,정책인프라구축",관심사,8
"참여권리,참여권리 > 청년참여,정책인프라구축",위원,8
"참여권리,참여권리 > 청년참여,정책인프라구축",제출,7
"참여권리,참여권리 > 청년참여,정책인프라구축",소셜,7
"참여권리,참여권리 > 청년참여,정책인프라구축",재학,7
"참여권리,참여권리 > 청년참여,정책인프라구축",공유,7
"참여권리,참여권리 > 청년참여,정책인프라구축",최대,6
"참여권리,참여권리 > 청년참여,정책인프라구축",계획,6
"참여권리,참여권리 > 청년참여,정책인프라구축",만남,6
"참여권리,참여권리 > 청년참여,정책인프라구축",연령,6
"참여권리,참여권리 > 청년참여,정책인프라구축",서류,6
"참여권리,참여권리 > 청년참여,정책인프라구축",구성,6
"참여권리,참여권리 > 청년참여,정책인프라구축",강화,6
"참여권리,참여권리 > 청년참여,정책인프라구축",형성,6
"참여권리,참여권리 > 청년참여,정책인프라구축",주제,6
"참여권리,참여권리 > 청년참여,정책인프라구축",우수,6
"참여권리,참여권리 > 청년참여,정책인프라구축",봉사,6
"참여권리,참여권리 > 청년참여,정책인프라구축",기여,6
"참여권리,참여권리 > 청년참여,정책인프라구축",워크숍,6
"참여권리,참여권리 > 청년참여,정책인프라구축",제안,6
"참여권리,참여권리 > 청년참여,정책인프라구축",네트워킹,6
"참여권리,참여권리 > 청년참여,정책인프라구축",광역시,6
"참여권리,참여권리 > 청년참여,정책인프라구축",단체,6
"참여권리,참여권리 > 청년참여,정책인프라구축",기반,6
"참여권리,참여권리 > 청년참여,정책인프라구축",마련,6
"참여권리,참여권리 > 청년참여,정책인프라구축",규모,6
"참여권리,참여권리 > 청년참여,정책인프라구축",성과,6
"참여권리,참여권리 > 청년참여,정책인프라구축",아이디어,6
"참여권리,참여권리 > 청년참여,정책인프라구축",로컬,6
"참여권리,참여권리 > 청년참여,정책인프라구축",크리에이터,6
"참여권리,참여권리 > 청년참여,정책인프라구축",차별,6
"참여권리,참여권리 > 청년참여,정책인프라구축",시정,6
"참여권리,참여권리 > 청년참여,정책인프라구축",부여,6
참여권리 > 청년참여,청년,1241
참여권리 > 청년참여,정책,675
참여권리 > 청년참여,활동,257
참여권리 > 청년참여,조건,111
참여권리 > 청년참여,분야,110
참여권리 > 청년참여,제안,109
참여권리 > 청년참여,방법,93
참여권리 > 청년참여,권리,91
참여권리 > 청년참여,발굴,88
참여권리 > 청년참여,주관,88
참여권리 > 청년참여,나이,87
참여권리 > 청년참여,위원회,87
참여권리 > 청년참여,워드,84
참여권리 > 청년참여,요약,84
참여권리 > 청년참여,교육,82
참여권리 > 청년참여,심사,81
참여권리 > 청년참여,네트워크,72
참여권리 > 청년참여,홍보,68
참여권리 > 청년참여,위원,63
참여권리 > 청년참여,제출,57
참여권리 > 청년참여,추진,54
참여권리 > 청년참여,사회,51
참여권리 > 청년참여,조정,51
참여권리 > 청년참여,의견,50
참여권리 > 청년참여,단체,50
참여권리 > 청년참여,활성화,49
참여권리 > 청년참여,기본,48
참여권리 > 청년참여,위촉,48
참여권리 > 청년참여,서류,47
참여권리 > 청년참여,목적,46
참여권리 > 청년참여,구성,45
참여권리 > 청년참여,확대,44
참여권리 > 청년참여,계획,42
참여권리 > 청년참여,회의,42
참여권리 > 청년참여,행사,41
참여권리 > 청년참여,소통,39
참여권리 > 청년참여,맞춤,39
참여권리 > 청년참여,예산,39
참여권리 > 청년참여,충북,39
참여권리 > 청년참여,기회,38
참여권리 > 청년참여,심의,38
참여권리 > 청년참여,강화,37
참여권리 > 청년참여,거주,37
참여권리 > 청년참여,홈페이지,36
참여권리 > 청년참여,지급,35
참여권리 > 청년참여,통한,34
참여권리 > 청년참여,자격,34
참여권리 > 청년참여,연령,33
참여권리 > 청년참여,직접,32
참여권리 > 청년참여,역량,31
참여권리 > 청년참여,아이디어,31
참여권리 > 청년참여,제한,31
참여권리 > 청년참여,문화,31
참여권리 > 청년참여,울산,31
참여권리 > 청년참여,수립,30
참여권리 > 청년참여,출처,30
참여권리 > 청년참여,제작,30
참여권리 > 청년참여,기획,30
참여권리 > 청년참여,시행,30
참여권리 > 청년참여,수렴,30
참여권리 > 청년참여,분과,30
참여권리 > 청년참여,상담,29
참여권리 > 청년참여,화성시,29
참여권리 > 청년참여,신청서,28
참여권리 > 청년참여,개최,28
참여권리 > 청년참여,협의,28
참여권리 > 청년참여,조례,27
참여권리 > 청년참여,광주,27
참여권리 > 청년참여,콘텐츠,26
참여권리 > 청년참여,접수,25
참여권리 > 청년참여,개인,25
참여권리 > 청년참여,공유,24
참여권리 > 청년참여,반영,24
참여권리 > 청년참여,특정,24
참여권리 > 청년참여,문제,23
참여권리 > 청년참여,추가,23
참여권리 > 청년참여,광역시,23
참여권리 > 청년참여,수요,22
참여권리 > 청년참여,교류,22
참여권리 > 청년참여,마련,22
참여권리 > 청년참여,도내,22
참여권리 > 청년참여,서포터즈,22
참여권리 > 청년참여,자율,22
참여권리 > 청년참여,대회,22
참여권리 > 청년참여,전달,22
참여권리 > 청년참여,체계,22
참여권리 > 청년참여,발표,21
참여권리 > 청년참여,시정,21
참여권리 > 청년참여,관심,21
참여권리 > 청년참여,세종,21
참여권리 > 청년참여,우수,21
참여권리 > 청년참여,소재,20
참여권리 > 청년참여,조사,20
참여권리 > 청년참여,마일리지,20
참여권리 > 청년참여,개발자,20
참여권리 > 청년참여,동아리,20
참여권리 > 청년참여,부산진구,20
참여권리 > 청년참여,기타,19
참여권리 > 청년참여,보조금,19
참여권리 > 청년참여,내외,19
복지문화 > 예술인지원,청년,395
복지문화 > 예술인지원,문화,336
복지문화 > 예술인지원,예술인,254
복지문화 > 예술인지원,예술,244
복지문화 > 예술인지원,활동,131
복지문화 > 예술인지원,창작,131
복지문화 > 예술인지원,정책,120
복지문화 > 예술인지원,단체,118
복지문화 > 예술인지원,분야,112
복지문화 > 예술인지원,교육,105
복지문화 > 예술인지원,기획,90
복지문화 > 예술인지원,조건,87
복지문화 > 예술인지원,공연,76
복지문화 > 예술인지원,주관,71
복지문화 > 예술인지원,나이,60
복지문화 > 예술인지원,복지,56
복지문화 > 예술인지원,예술가,55
복지문화 > 예술인지원,발표,55
복지문화 > 예술인지원,콘텐츠,54
복지문화 > 예술인지원,제작,54
복지문화 > 예술인지원,육성,53
복지문화 > 예술인지원,워드,53
복지문화 > 예술인지원,요약,53
복지문화 > 예술인지원,개인,52
복지문화 > 예술인지원,서류,47
복지문화 > 예술인지원,공간,47
복지문화 > 예술인지원,제한,46
복지문화 > 예술인지원,양성,45
복지문화 > 예술인지원,방법,42
복지문화 > 예술인지원,역량,42
복지문화 > 예술인지원,강화,42
복지문화 > 예술인지원,전문,40
복지문화 > 예술인지원,통한,37
복지문화 > 예술인지원,자격,37
복지문화 > 예술인지원,개최,36
복지문화 > 예술인지원,활성화,36
복지문화 > 예술인지원,기회,32
복지문화 > 예술인지원,기반,32
복지문화 > 예술인지원,창업,32
복지문화 > 예술인지원,게임,32
복지문화 > 예술인지원,추가,32
복지문화 > 예술인지원,연령,31
복지문화 > 예술인지원,원금,31
복지문화 > 예술인지원,출처,30
복지문화 > 예술인지원,도내,30
복지문화 > 예술인지원,거주,30
복지문화 > 예술인지원,심사,30
복지문화 > 예술인지원,전시,30
복지문화 > 예술인지원,작품,30
복지문화 > 예술인지원,관광,29
복지문화 > 예술인지원,작가,29
복지문화 > 예술인지원,제주,28
복지문화 > 예술인지원,제출,28
복지문화 > 예술인지원,홍보,27
복지문화 > 예술인지원,시설,27
복지문화 > 예술인지원,최근,25
복지문화 > 예술인지원,대학생,24
복지문화 > 예술인지원,발굴,24
복지문화 > 예술인지원,인력,24
복지문화 > 예술인지원,재단,24
복지문화 > 예술인지원,행사,24
복지문화 > 예술인지원,공모,23
복지문화 > 예술인지원,신진,23
복지문화 > 예술인지원,진행,23
복지문화 > 예술인지원,교육사,23
복지문화 > 예술인지원,보조금,22
복지문화 > 예술인지원,조성,22
복지문화 > 예술인지원,구성원,22
복지문화 > 예술인지원,축제,22
복지문화 > 예술인지원,구성,21
복지문화 > 예술인지원,홈페이지,20
복지문화 > 예술인지원,산업,20
복지문화 > 예술인지원,신청서,20
복지문화 > 예술인지원,문학,20
복지문화 > 예술인지원,심의,20
복지문화 > 예술인지원,울산,20
복지문화 > 예술인지원,부산,20
복지문화 > 예술인지원,예정,19
복지문화 > 예술인지원,개발,18
복지문화 > 예술인지원,포함,18
복지문화 > 예술인지원,추진,18
복지문화 > 예술인지원,멘토링,18
복지문화 > 예술인지원,지급,18
복지문화 > 예술인지원,주최,18
복지문화 > 예술인지원,확대,17
복지문화 > 예술인지원,현장,17
복지문화 > 예술인지원,진흥,17
복지문화 > 예술인지원,미디어,17
복지문화 > 예술인지원,경력,17
복지문화 > 예술인지원,충남,16
복지문화 > 예술인지원,소재,16
복지문화 > 예술인지원,교류,16
복지문화 > 예술인지원,음악,16
복지문화 > 예술인지원,접수,16
복지문화 > 예술인지원,목적,16
복지문화 > 예술인지원,전북,16
복지문화 > 예술인지원,영상,16
복지문화 > 예술인지원,광주,16
복지문화 > 예술인지원,도모,15
복지문화 > 예술인지원,필수,15
복지문화 > 건강,청년,285
복지문화 > 건강,건강,182
복지문화 > 건강,정책,129
복지문화 > 건강,정신건강,118
복지문화 > 건강,상담,107
복지문화 > 건강,관리,89
복지문화 > 건강,중독,89
복지문화 > 건강,복지,83
복지문화 > 건강,예방,80
복지문화 > 건강,사회,79
복지문화 > 건강,조건,72
복지문화 > 건강,분야,66
복지문화 > 건강,출산,65
복지문화 > 건강,방법,63
복지문화 > 건강,마음,63
복지문화 > 건강,주관,60
복지문화 > 건강,문화,59
복지문화 > 건강,나이,58
복지문화 > 건강,워드,56
복지문화 > 건강,요약,56
복지문화 > 건강,교육,52
복지문화 > 건강,치료,51
복지문화 > 건강,제한,49
복지문화 > 건강,증진,46
복지문화 > 건강,연령,46
복지문화 > 건강,맞춤,45
복지문화 > 건강,주민등록,44
복지문화 > 건강,서류,43
복지문화 > 건강,위험,40
복지문화 > 건강,심리,40
복지문화 > 건강,보건소,40
복지문화 > 건강,산모,40
복지문화 > 건강,홍보,38
복지문화 > 건강,통한,38
복지문화 > 건강,제출,34
복지문화 > 건강,자살,32
복지문화 > 건강,출처,29
복지문화 > 건강,조기,28
복지문화 > 건강,활동,28
복지문화 > 건강,지급,28
복지문화 > 건강,방문,27
복지문화 > 건강,임신,27
복지문화 > 건강,회복,26
복지문화 > 건강,발굴,24
복지문화 > 건강,약물,24
복지문화 > 건강,통합,24
복지문화 > 건강,이내,24
복지문화 > 건강,개입,23
복지문화 > 건강,보험,23
복지문화 > 건강,우울,22
복지문화 > 건강,문제,22
복지문화 > 건강,자격,22
복지문화 > 건강,군복무,22
복지문화 > 건강,서산시,22
복지문화 > 건강,마약,21
복지문화 > 건강,부부,21
복지문화 > 건강,온라인,21
복지문화 > 건강,부담,21
복지문화 > 건강,자원,20
복지문화 > 건강,가족,20
복지문화 > 건강,거주,20
복지문화 > 건강,진단,20
복지문화 > 건강,서포터즈,19
복지문화 > 건강,최대,19
복지문화 > 건강,심리상담,19
복지문화 > 건강,향상,18
복지문화 > 건강,검진,18
복지문화 > 건강,정신,18
복지문화 > 건강,개선,18
복지문화 > 건강,정신질환,18
복지문화 > 건강,보건,17
복지문화 > 건강,검사,17
복지문화 > 건강,개월,17
복지문화 > 건강,상해,17
복지문화 > 건강,개발,16
복지문화 > 건강,사례,16
복지문화 > 건강,등록,16
복지문화 > 건강,추가,16
복지문화 > 건강,관내,16
복지문화 > 건강,가구,16
복지문화 > 건강,신생아,16
복지문화 > 건강,유형,16
복지문화 > 건강,비용,15
복지문화 > 건강,시술,15
복지문화 > 건강,경제,15
복지문화 > 건강,인부,15
복지문화 > 건강,본인,15
복지문화 > 건강,대학,15
복지문화 > 건강,출생,15
복지문화 > 건강,스트레스,14
복지문화 > 건강,도내,14
복지문화 > 건강,인식,14
복지문화 > 건강,발견,14
복지문화 > 건강,완화,14
복지문화 > 건강,정신증,14
복지문화 > 건강,필요,14
복지문화 > 건강,인원,14
복지문화 > 건강,울산,14
복지문화 > 건강,가정,14
복지문화 > 건강,임산부,14
복지문화 > 취약계층 및 금융지원,청년,1147
복지문화 > 취약계층 및 금융지원,자립,526
복지문화 > 취약계층 및 금융지원,정책,444
복지문화 > 취약계층 및 금융지원,소득,415
복지문화 > 취약계층 및 금융지원,조건,317
복지문화 > 취약계층 및 금융지원,보호,307
복지문화 > 취약계층 및 금융지원,복지,294
복지문화 > 취약계층 및 금융지원,종료,267
복지문화 > 취약계층 및 금융지원,금융,261
복지문화 > 취약계층 및 금융지원,지급,246
복지문화 > 취약계층 및 금융지원,사회,237
복지문화 > 취약계층 및 금융지원,아동,220
복지문화 > 취약계층 및 금융지원,문화,204
복지문화 > 취약계층 및 금융지원,계층,194
복지문화 > 취약계층 및 금융지원,분야,190
복지문화 > 취약계층 및 금융지원,취약,190
복지문화 > 취약계층 및 금융지원,방법,188
복지문화 > 취약계층 및 금융지원,상담,181
복지문화 > 취약계층 및 금융지원,나이,180
복지문화 > 취약계층 및 금융지원,준비,179
복지문화 > 취약계층 및 금융지원,주관,176
복지문화 > 취약계층 및 금융지원,워드,174
복지문화 > 취약계층 및 금융지원,요약,174
복지문화 > 취약계층 및 금융지원,가족,168
복지문화 > 취약계층 및 금융지원,서류,163
복지문화 > 취약계층 및 금융지원,개월,154
복지문화 > 취약계층 및 금융지원,거주,150
복지문화 > 취약계층 및 금융지원,연령,149
복지문화 > 취약계층 및 금융지원,주민등록,148
복지문화 > 취약계층 및 금융지원,시설,148
복지문화 > 취약계층 및 금융지원,정착,144
복지문화 > 취약계층 및 금융지원,고립,135
복지문화 > 취약계층 및 금융지원,중위,135
복지문화 > 취약계층 및 금융지원,교육,134
복지문화 > 취약계층 및 금융지원,부부,133
복지문화 > 취약계층 및 금융지원,수당,130
복지문화 > 취약계층 및 금융지원,제출,128
복지문화 > 취약계층 및 금융지원,청소년,126
복지문화 > 취약계층 및 금융지원,제한,124
복지문화 > 취약계층 및 금융지원,결혼,121
복지문화 > 취약계층 및 금융지원,생활,120
복지문화 > 취약계층 및 금융지원,안정,110
복지문화 > 취약계층 및 금융지원,본인,108
복지문화 > 취약계층 및 금융지원,저축,105
복지문화 > 취약계층 및 금융지원,근로,103
복지문화 > 취약계층 및 금융지원,맞춤,102
복지문화 > 취약계층 및 금융지원,출산,102
복지문화 > 취약계층 및 금융지원,관리,102
복지문화 > 취약계층 및 금융지원,이후,101
복지문화 > 취약계층 및 금융지원,부담,98
복지문화 > 취약계층 및 금융지원,추가,98
복지문화 > 취약계층 및 금융지원,이용,97
복지문화 > 취약계층 및 금융지원,자격,95
복지문화 > 취약계층 및 금융지원,은둔,95
복지문화 > 취약계층 및 금융지원,보험,89
복지문화 > 취약계층 및 금융지원,이내,88
복지문화 > 취약계층 및 금융지원,최대,88
복지문화 > 취약계층 및 금융지원,보조금,86
복지문화 > 취약계층 및 금융지원,상위,85
복지문화 > 취약계층 및 금융지원,가구,85
복지문화 > 취약계층 및 금융지원,백만원,83
복지문화 > 취약계층 및 금융지원,경제,80
복지문화 > 취약계층 및 금융지원,심사,80
복지문화 > 취약계층 및 금융지원,제외,80
복지문화 > 취약계층 및 금융지원,가입,79
복지문화 > 취약계층 및 금융지원,출처,78
복지문화 > 취약계층 및 금융지원,자산,77
복지문화 > 취약계층 및 금융지원,활동,77
복지문화 > 취약계층 및 금융지원,대학,76
복지문화 > 취약계층 및 금융지원,근로자,73
복지문화 > 취약계층 및 금융지원,대출,72
복지문화 > 취약계층 및 금융지원,초과,71
복지문화 > 취약계층 및 금융지원,장려,71
복지문화 > 취약계층 및 금융지원,가정위탁,70
복지문화 > 취약계층 및 금융지원,서울시,70
복지문화 > 취약계층 및 금융지원,대상자,69
복지문화 > 취약계층 및 금융지원,고용,68
복지문화 > 취약계층 및 금융지원,접수,67
복지문화 > 취약계층 및 금융지원,형성,67
복지문화 > 취약계층 및 금융지원,자녀,67
복지문화 > 취약계층 및 금융지원,이자,67
복지문화 > 취약계층 및 금융지원,신용,66
복지문화 > 취약계층 및 금융지원,계좌,65
복지문화 > 취약계층 및 금융지원,회복,64
복지문화 > 취약계층 및 금융지원,원금,64
복지문화 > 취약계층 및 금융지원,건강,62
복지문화 > 취약계층 및 금융지원,증명서,61
복지문화 > 취약계층 및 금융지원,매월,61
복지문화 > 취약계층 및 금융지원,한부모,61
복지문화 > 취약계층 및 금융지원,포함,60
복지문화 > 취약계층 및 금융지원,통장,59
복지문화 > 취약계층 및 금융지원,사례,59
복지문화 > 취약계층 및 금융지원,기반,58
복지문화 > 취약계층 및 금융지원,혼인신고,58
복지문화 > 취약계층 및 금융지원,비용,57
복지문화 > 취약계층 및 금융지원,취업,57
복지문화 > 취약계층 및 금융지원,급여,57
복지문화 > 취약계층 및 금융지원,온라인,55
복지문화 > 취약계층 및 금융지원,관계,55
복지문화 > 취약계층 및 금융지원,적립,55
교육 > 미래역량강화,교육,688
교육 > 미래역량강화,정책,282
교육 > 미래역량강화,분야,260
교육 > 미래역량강화,대학,241
교육 > 미래역량강화,양성,232
교육 > 미래역량강화,청년,223
교육 > 미래역량강화,역량,205
교육 > 미래역량강화,인재,205
교육 > 미래역량강화,강화,189
교육 > 미래역량강화,미래,181
교육 > 미래역량강화,조건,180
교육 > 미래역량강화,제한,172
교육 > 미래역량강화,연령,167
교육 > 미래역량강화,기술,148
교육 > 미래역량강화,산업,140
교육 > 미래역량강화,방법,129
교육 > 미래역량강화,주관,127
교육 > 미래역량강화,워드,125
교육 > 미래역량강화,요약,125
교육 > 미래역량강화,나이,125
교육 > 미래역량강화,인력,109
교육 > 미래역량강화,전문,102
교육 > 미래역량강화,혁신,94
교육 > 미래역량강화,개발,92
교육 > 미래역량강화,대학생,91
교육 > 미래역량강화,융합,87
교육 > 미래역량강화,연구,87
교육 > 미래역량강화,현장,82
교육 > 미래역량강화,직업,80
교육 > 미래역량강화,사회,80
교육 > 미래역량강화,학생,76
교육 > 미래역량강화,서류,75
교육 > 미래역량강화,금융,74
교육 > 미래역량강화,지능,71
교육 > 미래역량강화,자격,68
교육 > 미래역량강화,심사,67
교육 > 미래역량강화,취업,66
교육 > 미래역량강화,중심,65
교육 > 미래역량강화,통한,65
교육 > 미래역량강화,맞춤,64
교육 > 미래역량강화,활용,63
교육 > 미래역량강화,창업,62
교육 > 미래역량강화,선발,61
교육 > 미래역량강화,추가,58
교육 > 미래역량강화,디지털,58
교육 > 미래역량강화,평생교육,57
교육 > 미래역량강화,울산,56
교육 > 미래역량강화,반도체,56
교육 > 미래역량강화,제출,55
교육 > 미래역량강화,산학,55
교육 > 미래역량강화,출처,54
교육 > 미래역량강화,교육과정,54
교육 > 미래역량강화,기반,54
교육 > 미래역량강화,장학금,54
교육 > 미래역량강화,프로젝트,53
교육 > 미래역량강화,인공,50
교육 > 미래역량강화,협력,50
교육 > 미래역량강화,구축,50
교육 > 미래역량강화,육성,50
교육 > 미래역량강화,학기,49
교육 > 미래역량강화,아카데미,47
교육 > 미래역량강화,진흥,47
교육 > 미래역량강화,실무,46
교육 > 미래역량강화,소득,45
교육 > 미래역량강화,한국,44
교육 > 미래역량강화,실습,43
교육 > 미래역량강화,수행,43
교육 > 미래역량강화,도내,42
교육 > 미래역량강화,진로,41
교육 > 미래역량강화,대학교,41
교육 > 미래역량강화,추진,41
교육 > 미래역량강화,유형,41
교육 > 미래역량강화,학과,40
교육 > 미래역량강화,학교,40
교육 > 미래역량강화,체계,40
교육 > 미래역량강화,검사,40
교육 > 미래역량강화,글로벌,39
교육 > 미래역량강화,활동,38
교육 > 미래역량강화,국제,38
교육 > 미래역량강화,경제,37
교육 > 미래역량강화,학년,36
교육 > 미래역량강화,국가,35
교육 > 미래역량강화,홈페이지,35
교육 > 미래역량강화,이용권,35
교육 > 미래역량강화,정착,34
교육 > 미래역량강화,농업,33
교육 > 미래역량강화,기초,32
교육 > 미래역량강화,재학생,32
교육 > 미래역량강화,보안,32
교육 > 미래역량강화,박사,32
교육 > 미래역량강화,봉사,32
교육 > 미래역량강화,소재,31
교육 > 미래역량강화,우수,31
교육 > 미래역량강화,특성,31
교육 > 미래역량강화,강사,30
교육 > 미래역량강화,농업인,30
교육 > 미래역량강화,해외,30
교육 > 미래역량강화,충북,30
교육 > 미래역량강화,전공,30
교육 > 미래역량강화,임업,30
"일자리,교육 > 취업,미래역량강화",교육,215
"일자리,교육 > 취업,미래역량강화",청년,172
"일자리,교육 > 취업,미래역량강화",취업,138
"일자리,교육 > 취업,미래역량강화",정책,113
"일자리,교육 > 취업,미래역량강화",강화,91
"일자리,교육 > 취업,미래역량강화",대학,91
"일자리,교육 > 취업,미래역량강화",역량,90
"일자리,교육 > 취업,미래역량강화",분야,86
"일자리,교육 > 취업,미래역량강화",양성,66
"일자리,교육 > 취업,미래역량강화",일자리,66
"일자리,교육 > 취업,미래역량강화",미래,66
"일자리,교육 > 취업,미래역량강화",조건,60
"일자리,교육 > 취업,미래역량강화",인재,60
"일자리,교육 > 취업,미래역량강화",주관,54
"일자리,교육 > 취업,미래역량강화",현장,50
"일자리,교육 > 취업,미래역량강화",워드,50
"일자리,교육 > 취업,미래역량강화",요약,50
"일자리,교육 > 취업,미래역량강화",나이,50
"일자리,교육 > 취업,미래역량강화",창업,50
"일자리,교육 > 취업,미래역량강화",인력,43
"일자리,교육 > 취업,미래역량강화",실습,42
"일자리,교육 > 취업,미래역량강화",산업,41
"일자리,교육 > 취업,미래역량강화",방법,38
"일자리,교육 > 취업,미래역량강화",구축,38
"일자리,교육 > 취업,미래역량강화",통한,37
"일자리,교육 > 취업,미래역량강화",육성,36
"일자리,교육 > 취업,미래역량강화",연령,32
"일자리,교육 > 취업,미래역량강화",기반,31
"일자리,교육 > 취업,미래역량강화",제한,30
"일자리,교육 > 취업,미래역량강화",출처,30
"일자리,교육 > 취업,미래역량강화",전문,30
"일자리,교육 > 취업,미래역량강화",기술,28
"일자리,교육 > 취업,미래역량강화",서류,27
"일자리,교육 > 취업,미래역량강화",농업인,27
"일자리,교육 > 취업,미래역량강화",우수,26
"일자리,교육 > 취업,미래역량강화",특성,26
"일자리,교육 > 취업,미래역량강화",응시,26
"일자리,교육 > 취업,미래역량강화",시험,24
"일자리,교육 > 취업,미래역량강화",맞춤,23
"일자리,교육 > 취업,미래역량강화",반도체,22
"일자리,교육 > 취업,미래역량강화",울산,22
"일자리,교육 > 취업,미래역량강화",장학금,22
"일자리,교육 > 취업,미래역량강화",심사,21
"일자리,교육 > 취업,미래역량강화",대학생,21
"일자리,교육 > 취업,미래역량강화",스마트,21
"일자리,교육 > 취업,미래역량강화",산학,20
"일자리,교육 > 취업,미래역량강화",최대,20
"일자리,교육 > 취업,미래역량강화",혁신,20
"일자리,교육 > 취업,미래역량강화",바이오,19
"일자리,교육 > 취업,미래역량강화",캠퍼스,19
"일자리,교육 > 취업,미래역량강화",자격,19
"일자리,교육 > 취업,미래역량강화",자격증,19
"일자리,교육 > 취업,미래역량강화",생활,19
"일자리,교육 > 취업,미래역량강화",학년,18
"일자리,교육 > 취업,미래역량강화",프로젝트,18
"일자리,교육 > 취업,미래역량강화",해외,18
"일자리,교육 > 취업,미래역량강화",지급,18
"일자리,교육 > 취업,미래역량강화",제출,17
"일자리,교육 > 취업,미래역량강화",콘텐츠,17
"일자리,교육 > 취업,미래역량강화",홈페이지,17
"일자리,교육 > 취업,미래역량강화",졸업,16
"일자리,교육 > 취업,미래역량강화",희망,16
"일자리,교육 > 취업,미래역량강화",연구,16
"일자리,교육 > 취업,미래역량강화",평생교육,16
"일자리,교육 > 취업,미래역량강화",교육비,16
"일자리,교육 > 취업,미래역량강화",전략,15
"일자리,교육 > 취업,미래역량강화",지식,14
"일자리,교육 > 취업,미래역량강화",미취,14
"일자리,교육 > 취업,미래역량강화",농업,14
"일자리,교육 > 취업,미래역량강화",체계,14
"일자리,교육 > 취업,미래역량강화",실무,14
"일자리,교육 > 취업,미래역량강화",중심,14
"일자리,교육 > 취업,미래역량강화",협력,14
"일자리,교육 > 취업,미래역량강화",공동,14
"일자리,교육 > 취업,미래역량강화",과제,14
"일자리,교육 > 취업,미래역량강화",취득,14
"일자리,교육 > 취업,미래역량강화",부산,14
"일자리,교육 > 취업,미래역량강화",무역,14
"일자리,교육 > 취업,미래역량강화",주민등록,13
"일자리,교육 > 취업,미래역량강화",기초,13
"일자리,교육 > 취업,미래역량강화",설계,13
"일자리,교육 > 취업,미래역량강화",온라인,13
"일자리,교육 > 취업,미래역량강화",어학,13
"일자리,교육 > 취업,미래역량강화",관리,12
"일자리,교육 > 취업,미래역량강화",컨설팅,12
"일자리,교육 > 취업,미래역량강화",성장,12
"일자리,교육 > 취업,미래역량강화",재학생,12
"일자리,교육 > 취업,미래역량강화",인프라,12
"일자리,교육 > 취업,미래역량강화",도내,12
"일자리,교육 > 취업,미래역량강화",영농,12
"일자리,교육 > 취업,미래역량강화",제주,12
"일자리,교육 > 취업,미래역량강화",자동차,12
"일자리,교육 > 취업,미래역량강화",수요,12
"일자리,교육 > 취업,미래역량강화",학기,12
"일자리,교육 > 취업,미래역량강화",공장,12
"일자리,교육 > 취업,미래역량강화",학과,12
"일자리,교육 > 취업,미래역량강화",유지,12
"일자리,교육 > 취업,미래역량강화",개발,12
"일자리,교육 > 취업,미래역량강화",장려,12
"일자리,교육 > 취업,미래역량강화",지능,11
"일자리,일자리 > 취업,취업",청년,54
"일자리,일자리 > 취업,취업",취업,33
"일자리,일자리 > 취업,취업",진주시,25
"일자리,일자리 > 취업,취업",응시,22
"일자리,일자리 > 취업,취업",대여,20
"일자리,일자리 > 취업,취업",면접,19
"일자리,일자리 > 취업,취업",일자리,18
"일자리,일자리 > 취업,취업",정책,15
"일자리,일자리 > 취업,취업",자격증,12
"일자리,일자리 > 취업,취업",구직,12
"일자리,일자리 > 취업,취업",정장,11
"일자리,일자리 > 취업,취업",미취,10
"일자리,일자리 > 취업,취업",온라인,10
"일자리,일자리 > 취업,취업",방법,9
"일자리,일자리 > 취업,취업",교육,9
"일자리,일자리 > 취업,취업",조건,9
"일자리,일자리 > 취업,취업",제출,9
"일자리,일자리 > 취업,취업",분야,8
"일자리,일자리 > 취업,취업",경제,8
"일자리,일자리 > 취업,취업",업체,8
"일자리,일자리 > 취업,취업",주민등록,6
"일자리,일자리 > 취업,취업",국가,6
"일자리,일자리 > 취업,취업",워드,6
"일자리,일자리 > 취업,취업",요약,6
"일자리,일자리 > 취업,취업",주관,6
"일자리,일자리 > 취업,취업",나이,6
"일자리,일자리 > 취업,취업",서류,6
"일자리,일자리 > 취업,취업",출처,6
"일자리,일자리 > 취업,취업",경감,6
"일자리,일자리 > 취업,취업",활동,6
"일자리,일자리 > 취업,취업",시간,6
"일자리,일자리 > 취업,취업",항공,6
"일자리,일자리 > 취업,취업",거제시,6
"일자리,일자리 > 취업,취업",접수,5
"일자리,일자리 > 취업,취업",시험,5
"일자리,일자리 > 취업,취업",제한,5
"일자리,일자리 > 취업,취업",부담,5
"일자리,일자리 > 취업,취업",원서,4
"일자리,일자리 > 취업,취업",불가,4
"일자리,일자리 > 취업,취업",한국사,4
"일자리,일자리 > 취업,취업",어학,4
"일자리,일자리 > 취업,취업",기술,4
"일자리,일자리 > 취업,취업",한도,4
"일자리,일자리 > 취업,취업",플랫폼,4
"일자리,일자리 > 취업,취업",승인,4
"일자리,일자리 > 취업,취업",자료,4
"일자리,일자리 > 취업,취업",보험,4
"일자리,일자리 > 취업,취업",준비,4
"일자리,일자리 > 취업,취업",촉진,4
"일자리,일자리 > 취업,취업",근로,4
"일자리,일자리 > 취업,취업",자켓,4
"일자리,일자리 > 취업,취업",바지,4
"일자리,일자리 > 취업,취업",방문,4
"일자리,일자리 > 취업,취업",역량,4
"일자리,일자리 > 취업,취업",강화,4
"일자리,일자리 > 취업,취업",거주,4
"일자리,일자리 > 취업,취업",희망,4
"일자리,일자리 > 취업,취업",참여자,4
"일자리,일자리 > 취업,취업",연도,4
"일자리,일자리 > 취업,취업",비정규직,4
"일자리,일자리 > 취업,취업",정부,4
"일자리,일자리 > 취업,취업",가의,4
"일자리,일자리 > 취업,취업",공예품,4
"일자리,일자리 > 취업,취업",판매,4
"일자리,일자리 > 취업,취업",무료,4
"일자리,일자리 > 취업,취업",비용,4
"일자리,일자리 > 취업,취업",기미,3
"일자리,일자리 > 취업,취업",경상남도,3
"일자리,일자리 > 취업,취업",인구,3
"일자리,일자리 > 취업,취업",담당자,3
"일자리,일자리 > 취업,취업",검토,3
"일자리,일자리 > 취업,취업",반려,3
"일자리,일자리 > 취업,취업",익월,3
"일자리,일자리 > 취업,취업",사실,3
"일자리,일자리 > 취업,취업",결제,3
"일자리,일자리 > 취업,취업",금액,3
"일자리,일자리 > 취업,취업",자격,3
"일자리,일자리 > 취업,취업",진주,3
"일자리,일자리 > 취업,취업",반납,3
"일자리,일자리 > 취업,취업",채용,3
"일자리,일자리 > 취업,취업",홈페이지,3
"일자리,일자리 > 취업,취업",스펙,3
"일자리,일자리 > 취업,취업",근로계약서,3
"일자리,일자리 > 취업,취업",지급,3
"일자리,일자리 > 취업,취업",말일,3
"일자리,일자리 > 취업,취업",상태,2
"일자리,일자리 > 취업,취업",반드시,2
"일자리,일자리 > 취업,취업",필요,2
"일자리,일자리 > 취업,취업",업자,2
"일자리,일자리 > 취업,취업",지원기,2
"일자리,일자리 > 취업,취업",예산,2
"일자리,일자리 > 취업,취업",소진,2
"일자리,일자리 > 취업,취업",자격시험,2
"일자리,일자리 > 취업,취업",실비,2
"일자리,일자리 > 취업,취업",계좌,2
"일자리,일자리 > 취업,취업",입금,2
"일자리,일자리 > 취업,취업",이내,2
"일자리,일자리 > 취업,취업",초본,2
"일자리,일자리 > 취업,취업",성적표,2
"일자리,일자리 > 취업,취업",영수증,2
참여권리 > 정책인프라구축,청년,679
참여권리 > 정책인프라구축,정책,361
참여권리 > 정책인프라구축,구축,82
참여권리 > 정책인프라구축,분야,72
참여권리 > 정책인프라구축,활동,71
참여권리 > 정책인프라구축,조건,58
참여권리 > 정책인프라구축,권리,55
참여권리 > 정책인프라구축,상담,55
참여권리 > 정책인프라구축,인프라,54
참여권리 > 정책인프라구축,추진,52
참여권리 > 정책인프라구축,주관,47
참여권리 > 정책인프라구축,워드,46
참여권리 > 정책인프라구축,요약,46
참여권리 > 정책인프라구축,나이,46
참여권리 > 정책인프라구축,서울,46
참여권리 > 정책인프라구축,홍보,45
참여권리 > 정책인프라구축,단축,41
참여권리 > 정책인프라구축,고용,40
참여권리 > 정책인프라구축,근로시간,40
참여권리 > 정책인프라구축,위원회,39
참여권리 > 정책인프라구축,공간,36
참여권리 > 정책인프라구축,협력,33
참여권리 > 정책인프라구축,맞춤,33
참여권리 > 정책인프라구축,기본,32
참여권리 > 정책인프라구축,제안,31
참여권리 > 정책인프라구축,발굴,30
참여권리 > 정책인프라구축,방법,30
참여권리 > 정책인프라구축,온라인,28
참여권리 > 정책인프라구축,교육,27
참여권리 > 정책인프라구축,확대,26
참여권리 > 정책인프라구축,연령,26
참여권리 > 정책인프라구축,아기,26
참여권리 > 정책인프라구축,출처,25
참여권리 > 정책인프라구축,문화,24
참여권리 > 정책인프라구축,활성화,24
참여권리 > 정책인프라구축,심사,23
참여권리 > 정책인프라구축,활용,22
참여권리 > 정책인프라구축,플랫폼,22
참여권리 > 정책인프라구축,체계,22
참여권리 > 정책인프라구축,단체,21
참여권리 > 정책인프라구축,포털,21
참여권리 > 정책인프라구축,콘텐츠,20
참여권리 > 정책인프라구축,강화,20
참여권리 > 정책인프라구축,통한,20
참여권리 > 정책인프라구축,위촉,20
참여권리 > 정책인프라구축,거주,20
참여권리 > 정책인프라구축,동아리,20
참여권리 > 정책인프라구축,통계,20
참여권리 > 정책인프라구축,울산,20
참여권리 > 정책인프라구축,서류,19
참여권리 > 정책인프라구축,계획,18
참여권리 > 정책인프라구축,제출,18
참여권리 > 정책인프라구축,소통,18
참여권리 > 정책인프라구축,민간,18
참여권리 > 정책인프라구축,조례,18
참여권리 > 정책인프라구축,전달,16
참여권리 > 정책인프라구축,설치,16
참여권리 > 정책인프라구축,서울특별시,16
참여권리 > 정책인프라구축,위탁,16
참여권리 > 정책인프라구축,근로자,16
참여권리 > 정책인프라구축,사회,15
참여권리 > 정책인프라구축,생활,15
참여권리 > 정책인프라구축,제한,15
참여권리 > 정책인프라구축,제작,14
참여권리 > 정책인프라구축,조성,14
참여권리 > 정책인프라구축,교류,14
참여권리 > 정책인프라구축,채널,14
참여권리 > 정책인프라구축,통합,14
참여권리 > 정책인프라구축,인재,14
참여권리 > 정책인프라구축,수립,14
참여권리 > 정책인프라구축,서울시,14
참여권리 > 정책인프라구축,개최,14
참여권리 > 정책인프라구축,네트워크,13
참여권리 > 정책인프라구축,협의,13
참여권리 > 정책인프라구축,담당,13
참여권리 > 정책인프라구축,광주,13
참여권리 > 정책인프라구축,금액,12
참여권리 > 정책인프라구축,제외,12
참여권리 > 정책인프라구축,구성,12
참여권리 > 정책인프라구축,커뮤니티,12
참여권리 > 정책인프라구축,예산,12
참여권리 > 정책인프라구축,정기,12
참여권리 > 정책인프라구축,광역,12
참여권리 > 정책인프라구축,역량,12
참여권리 > 정책인프라구축,시설,12
참여권리 > 정책인프라구축,대학,12
참여권리 > 정책인프라구축,추가,11
참여권리 > 정책인프라구축,마을,11
참여권리 > 정책인프라구축,세종,11
참여권리 > 정책인프라구축,자율,11
참여권리 > 정책인프라구축,목적,11
참여권리 > 정책인프라구축,기초,11
참여권리 > 정책인프라구축,급여,11
참여권리 > 정책인프라구축,보조금,10
참여권리 > 정책인프라구축,자격,10
참여권리 > 정책인프라구축,상생,10
참여권리 > 정책인프라구축,일자리,10
참여권리 > 정책인프라구축,희망,10
참여권리 > 정책인프라구축,수행,10
참여권리 > 정책인프라구축,안정,10
복지문화 > 문화활동,청년,802
복지문화 > 문화활동,문화,494
복지문화 > 문화활동,활동,242
복지문화 > 문화활동,정책,239
복지문화 > 문화활동,복지,121
복지문화 > 문화활동,조건,112
복지문화 > 문화활동,예술,108
복지문화 > 문화활동,분야,102
복지문화 > 문화활동,공간,93
복지문화 > 문화활동,주관,91
복지문화 > 문화활동,나이,89
복지문화 > 문화활동,워드,86
복지문화 > 문화활동,요약,86
복지문화 > 문화활동,활성화,82
복지문화 > 문화활동,교육,76
복지문화 > 문화활동,공연,75
복지문화 > 문화활동,방법,72
복지문화 > 문화활동,관광,70
복지문화 > 문화활동,동아리,60
복지문화 > 문화활동,출처,54
복지문화 > 문화활동,전시,54
복지문화 > 문화활동,패스,54
복지문화 > 문화활동,관람,53
복지문화 > 문화활동,연령,52
복지문화 > 문화활동,제한,51
복지문화 > 문화활동,시설,50
복지문화 > 문화활동,이용,49
복지문화 > 문화활동,인구,49
복지문화 > 문화활동,개최,43
복지문화 > 문화활동,통한,42
복지문화 > 문화활동,기회,42
복지문화 > 문화활동,단체,42
복지문화 > 문화활동,창작,40
복지문화 > 문화활동,거주,39
복지문화 > 문화활동,행사,38
복지문화 > 문화활동,생활,38
복지문화 > 문화활동,청소년,38
복지문화 > 문화활동,목적,37
복지문화 > 문화활동,지급,37
복지문화 > 문화활동,울산,37
복지문화 > 문화활동,예매,36
복지문화 > 문화활동,홍보,35
복지문화 > 문화활동,보조금,33
복지문화 > 문화활동,백만원,33
복지문화 > 문화활동,공동체,32
복지문화 > 문화활동,제출,32
복지문화 > 문화활동,강화,32
복지문화 > 문화활동,산업,31
복지문화 > 문화활동,홈페이지,31
복지문화 > 문화활동,체험,30
복지문화 > 문화활동,서류,30
복지문화 > 문화활동,방문,30
복지문화 > 문화활동,콘텐츠,30
복지문화 > 문화활동,모임,30
복지문화 > 문화활동,관내,30
복지문화 > 문화활동,충남,28
복지문화 > 문화활동,자격,27
복지문화 > 문화활동,소득,27
복지문화 > 문화활동,주민등록,27
복지문화 > 문화활동,심사,27
복지문화 > 문화활동,조성,26
복지문화 > 문화활동,직접,26
복지문화 > 문화활동,역량,26
복지문화 > 문화활동,축제,26
복지문화 > 문화활동,창업,26
복지문화 > 문화활동,추가,25
복지문화 > 문화활동,진행,25
복지문화 > 문화활동,기획,25
복지문화 > 문화활동,도내,24
복지문화 > 문화활동,페스티벌,24
복지문화 > 문화활동,온라인,24
복지문화 > 문화활동,게임,24
복지문화 > 문화활동,전달,24
복지문화 > 문화활동,체계,24
복지문화 > 문화활동,발급,23
복지문화 > 문화활동,체육,23
복지문화 > 문화활동,카드,23
복지문화 > 문화활동,커뮤니티,22
복지문화 > 문화활동,구성,22
복지문화 > 문화활동,전국,22
복지문화 > 문화활동,네트워크,22
복지문화 > 문화활동,맞춤,21
복지문화 > 문화활동,여행,21
복지문화 > 문화활동,발표,21
복지문화 > 문화활동,부산,21
복지문화 > 문화활동,대학,20
복지문화 > 문화활동,스포츠,20
복지문화 > 문화활동,작가,20
복지문화 > 문화활동,접수,20
복지문화 > 문화활동,추진,20
복지문화 > 문화활동,향유,20
복지문화 > 문화활동,케이팝,20
복지문화 > 문화활동,이내,19
복지문화 > 문화활동,회원,19
복지문화 > 문화활동,마련,19
복지문화 > 문화활동,경남,19
복지문화 > 문화활동,서구,19
복지문화 > 문화활동,대회,18
복지문화 > 문화활동,본인,18
복지문화 > 문화활동,수행,18
교육 > 교육비지원,학자금,115
교육 > 교육비지원,대출,97
교육 > 교육비지원,대학,92
교육 > 교육비지원,교육,77
교육 > 교육비지원,이자,76
교육 > 교육비지원,한국,73
교육 > 교육비지원,장학재단,70
교육 > 교육비지원,대학생,66
교육 > 교육비지원,정책,62
교육 > 교육비지원,소득,62
교육 > 교육비지원,상환,56
교육 > 교육비지원,조건,54
교육 > 교육비지원,장학금,53
교육 > 교육비지원,등록금,46
교육 > 교육비지원,제한,46
교육 > 교육비지원,장학,46
교육 > 교육비지원,구간,46
교육 > 교육비지원,연령,44
교육 > 교육비지원,졸업,42
교육 > 교육비지원,학자금대출,40
교육 > 교육비지원,방법,39
교육 > 교육비지원,학기,39
교육 > 교육비지원,주민등록,39
교육 > 교육비지원,금액,36
교육 > 교육비지원,신용,35
교육 > 교육비지원,취업,34
교육 > 교육비지원,분야,33
교육 > 교육비지원,지급,32
교육 > 교육비지원,본인,32
교육 > 교육비지원,학생,32
교육 > 교육비지원,인재,31
교육 > 교육비지원,주관,30
교육 > 교육비지원,교육비,28
교육 > 교육비지원,워드,28
교육 > 교육비지원,요약,28
교육 > 교육비지원,나이,28
교육 > 교육비지원,도내,28
교육 > 교육비지원,제출,27
교육 > 교육비지원,심사,27
교육 > 교육비지원,재학생,27
교육 > 교육비지원,서류,26
교육 > 교육비지원,제외,26
교육 > 교육비지원,최대,26
교육 > 교육비지원,발생,25
교육 > 교육비지원,증명서,24
교육 > 교육비지원,학업,23
교육 > 교육비지원,자격,23
교육 > 교육비지원,청년,23
교육 > 교육비지원,전액,21
교육 > 교육비지원,경제,21
교육 > 교육비지원,재학,21
교육 > 교육비지원,부담,20
교육 > 교육비지원,대학원생,20
교육 > 교육비지원,직업,20
교육 > 교육비지원,안정,18
교육 > 교육비지원,고문,18
교육 > 교육비지원,회복,18
교육 > 교육비지원,고등학교,18
교육 > 교육비지원,주거,18
교육 > 교육비지원,진흥,17
교육 > 교육비지원,필수,17
교육 > 교육비지원,대학교,17
교육 > 교육비지원,출처,16
교육 > 교육비지원,가구,16
교육 > 교육비지원,다자,16
교육 > 교육비지원,이내,16
교육 > 교육비지원,졸업생,16
교육 > 교육비지원,생활비,16
교육 > 교육비지원,기초,15
교육 > 교육비지원,상위,15
교육 > 교육비지원,학부,15
교육 > 교육비지원,충남,14
교육 > 교육비지원,자녀,14
교육 > 교육비지원,이자지,14
교육 > 교육비지원,거주,14
교육 > 교육비지원,휴학,14
교육 > 교육비지원,미취,14
교육 > 교육비지원,계속,14
교육 > 교육비지원,가정,14
교육 > 교육비지원,동의,14
교육 > 교육비지원,사람,14
교육 > 교육비지원,등록,14
교육 > 교육비지원,서울,14
교육 > 교육비지원,입금,14
교육 > 교육비지원,요건,14
교육 > 교육비지원,전문학교,14
교육 > 교육비지원,국가장학금,13
교육 > 교육비지원,온라인,13
교육 > 교육비지원,상반기,12
교육 > 교육비지원,평생교육,12
교육 > 교육비지원,추가,12
교육 > 교육비지원,주소지,12
교육 > 교육비지원,업자,12
교육 > 교육비지원,선발,12
교육 > 교육비지원,유의,12
교육 > 교육비지원,원리금,12
교육 > 교육비지원,포함,12
교육 > 교육비지원,직계존속,12
교육 > 교육비지원,콘텐츠,12
교육 > 교육비지원,기술,12
"일자리,일자리 > 재직자,취업",중소기업,17
"일자리,일자리 > 재직자,취업",청년,14
"일자리,일자리 > 재직자,취업",진주시,12
"일자리,일자리 > 재직자,취업",복지,12
"일자리,일자리 > 재직자,취업",원금,10
"일자리,일자리 > 재직자,취업",취업,9
"일자리,일자리 > 재직자,취업",개월,7
"일자리,일자리 > 재직자,취업",근로자,6
"일자리,일자리 > 재직자,취업",요원,6
"일자리,일자리 > 재직자,취업",재직,5
"일자리,일자리 > 재직자,취업",자격,5
"일자리,일자리 > 재직자,취업",사회,5
"일자리,일자리 > 재직자,취업",번호,5
"일자리,일자리 > 재직자,취업",건강,5
"일자리,일자리 > 재직자,취업",보험료,5
"일자리,일자리 > 재직자,취업",소상,4
"일자리,일자리 > 재직자,취업",공인,4
"일자리,일자리 > 재직자,취업",업체,4
"일자리,일자리 > 재직자,취업",근로,4
"일자리,일자리 > 재직자,취업",제외,4
"일자리,일자리 > 재직자,취업",아래,4
"일자리,일자리 > 재직자,취업",충족,4
"일자리,일자리 > 재직자,취업",공공기관,4
"일자리,일자리 > 재직자,취업",공기업,4
"일자리,일자리 > 재직자,취업",근무,4
"일자리,일자리 > 재직자,취업",중인,4
"일자리,일자리 > 재직자,취업",과세,4
"일자리,일자리 > 재직자,취업",급여,4
"일자리,일자리 > 재직자,취업",평균,4
"일자리,일자리 > 재직자,취업",인부,4
"일자리,일자리 > 재직자,취업",지급,4
"일자리,일자리 > 재직자,취업",나이,3
"일자리,일자리 > 재직자,취업",소득,3
"일자리,일자리 > 재직자,취업",이력,3
"일자리,일자리 > 재직자,취업",관계,3
"일자리,일자리 > 재직자,취업",포함,3
"일자리,일자리 > 재직자,취업",주소,3
"일자리,일자리 > 재직자,취업",보험,3
"일자리,일자리 > 재직자,취업",정책,3
"일자리,일자리 > 재직자,취업",조건,3
"일자리,일자리 > 재직자,취업",대기업,2
"일자리,일자리 > 재직자,취업",간의,2
"일자리,일자리 > 재직자,취업",임금,2
"일자리,일자리 > 재직자,취업",격차,2
"일자리,일자리 > 재직자,취업",해소,2
"일자리,일자리 > 재직자,취업",향상,2
"일자리,일자리 > 재직자,취업",의욕,2
"일자리,일자리 > 재직자,취업",고취,2
"일자리,일자리 > 재직자,취업",사유,2
"일자리,일자리 > 재직자,취업",불가,2
"일자리,일자리 > 재직자,취업",거주지,2
"일자리,일자리 > 재직자,취업",무조건,2
"일자리,일자리 > 재직자,취업",업주,2
"일자리,일자리 > 재직자,취업",직계,2
"일자리,일자리 > 재직자,취업",존속,2
"일자리,일자리 > 재직자,취업",배우자,2
"일자리,일자리 > 재직자,취업",국가,2
"일자리,일자리 > 재직자,취업",장학생,2
"일자리,일자리 > 재직자,취업",한국,2
"일자리,일자리 > 재직자,취업",장학재단,2
"일자리,일자리 > 재직자,취업",해외,2
"일자리,일자리 > 재직자,취업",파견,2
"일자리,일자리 > 재직자,취업",휴직,2
"일자리,일자리 > 재직자,취업",육아휴직,2
"일자리,일자리 > 재직자,취업",현역,2
"일자리,일자리 > 재직자,취업",보충역,2
"일자리,일자리 > 재직자,취업",군인,2
"일자리,일자리 > 재직자,취업",복무,2
"일자리,일자리 > 재직자,취업",산업,2
"일자리,일자리 > 재직자,취업",기능,2
"일자리,일자리 > 재직자,취업",법률,2
"일자리,일자리 > 재직자,취업",지방,2
"일자리,일자리 > 재직자,취업",비영리기관,2
"일자리,일자리 > 재직자,취업",등록,2
"일자리,일자리 > 재직자,취업",고유,2
"일자리,일자리 > 재직자,취업",요건,2
"일자리,일자리 > 재직자,취업",모두,2
"일자리,일자리 > 재직자,취업",소재,2
"일자리,일자리 > 재직자,취업",기본,2
"일자리,일자리 > 재직자,취업",범위,2
"일자리,일자리 > 재직자,취업",가입자,2
"일자리,일자리 > 재직자,취업",연간,2
"일자리,일자리 > 재직자,취업",최대,2
"일자리,일자리 > 재직자,취업",제로,2
"일자리,일자리 > 재직자,취업",페이,2
"일자리,일자리 > 재직자,취업",가맹,2
"일자리,일자리 > 재직자,취업",모바일,2
"일자리,일자리 > 재직자,취업",진주,2
"일자리,일자리 > 재직자,취업",사랑,2
"일자리,일자리 > 재직자,취업",상품권,2
"일자리,일자리 > 재직자,취업",분할,2
"일자리,일자리 > 재직자,취업",분기,2
"일자리,일자리 > 재직자,취업",생애,2
"일자리,일자리 > 재직자,취업",일자리,2
"일자리,일자리 > 재직자,취업",방법,2
"일자리,일자리 > 재직자,취업",온라인,2
"일자리,일자리 > 재직자,취업",주민등록,2
"일자리,일자리 > 재직자,취업",사본,2
"일자리,일자리 > 재직자,취업",분야,1
"일자리,일자리 > 재직자,취업",워드,1
"일자리,일자리 > 취업,창업",창업,40
"일자리,일자리 > 취업,창업",청년,35
"일자리,일자리 > 취업,창업",산림,14
"일자리,일자리 > 취업,창업",아이디어,11
"일자리,일자리 > 취업,창업",분야,10
"일자리,일자리 > 취업,창업",모빌리티,10
"일자리,일자리 > 취업,창업",응시,9
"일자리,일자리 > 취업,창업",최대,8
"일자리,일자리 > 취업,창업",정책,8
"일자리,일자리 > 취업,창업",일자리,8
"일자리,일자리 > 취업,창업",공모전,8
"일자리,일자리 > 취업,창업",취업,7
"일자리,일자리 > 취업,창업",방법,7
"일자리,일자리 > 취업,창업",모델링,6
"일자리,일자리 > 취업,창업",임대료,6
"일자리,일자리 > 취업,창업",백만원,6
"일자리,일자리 > 취업,창업",조건,6
"일자리,일자리 > 취업,창업",기반,6
"일자리,일자리 > 취업,창업",제출,6
"일자리,일자리 > 취업,창업",멘토링,6
"일자리,일자리 > 취업,창업",자격증,6
"일자리,일자리 > 취업,창업",성북구,6
"일자리,일자리 > 취업,창업",제한,5
"일자리,일자리 > 취업,창업",린지,5
"일자리,일자리 > 취업,창업",교육,5
"일자리,일자리 > 취업,창업",미래,5
"일자리,일자리 > 취업,창업",미취,5
"일자리,일자리 > 취업,창업",김천시,4
"일자리,일자리 > 취업,창업",연령,4
"일자리,일자리 > 취업,창업",워드,4
"일자리,일자리 > 취업,창업",요약,4
"일자리,일자리 > 취업,창업",주관,4
"일자리,일자리 > 취업,창업",나이,4
"일자리,일자리 > 취업,창업",출처,4
"일자리,일자리 > 취업,창업",산업,4
"일자리,일자리 > 취업,창업",자원,4
"일자리,일자리 > 취업,창업",활용,4
"일자리,일자리 > 취업,창업",문제,4
"일자리,일자리 > 취업,창업",해결,4
"일자리,일자리 > 취업,창업",개최,4
"일자리,일자리 > 취업,창업",실증,4
"일자리,일자리 > 취업,창업",통한,4
"일자리,일자리 > 취업,창업",경험,4
"일자리,일자리 > 취업,창업",관심,4
"일자리,일자리 > 취업,창업",참가,4
"일자리,일자리 > 취업,창업",시상,4
"일자리,일자리 > 취업,창업",한국,4
"일자리,일자리 > 취업,창업",임업,4
"일자리,일자리 > 취업,창업",진흥,4
"일자리,일자리 > 취업,창업",서류,4
"일자리,일자리 > 취업,창업",자동차,4
"일자리,일자리 > 취업,창업",카운슬링,4
"일자리,일자리 > 취업,창업",기업가,4
"일자리,일자리 > 취업,창업",정신,4
"일자리,일자리 > 취업,창업",평가,4
"일자리,일자리 > 취업,창업",개발,4
"일자리,일자리 > 취업,창업",우수,4
"일자리,일자리 > 취업,창업",어학,4
"일자리,일자리 > 취업,창업",서울특별시,4
"일자리,일자리 > 취업,창업",접수,3
"일자리,일자리 > 취업,창업",임팩트,3
"일자리,일자리 > 취업,창업",참조,3
"일자리,일자리 > 취업,창업",스마트,3
"일자리,일자리 > 취업,창업",캠프,3
"일자리,일자리 > 취업,창업",심사,3
"일자리,일자리 > 취업,창업",공간,2
"일자리,일자리 > 취업,창업",점포,2
"일자리,일자리 > 취업,창업",비용,2
"일자리,일자리 > 취업,창업",개월,2
"일자리,일자리 > 취업,창업",경제,2
"일자리,일자리 > 취업,창업",관광,2
"일자리,일자리 > 취업,창업",누구,2
"일자리,일자리 > 취업,창업",팩트,2
"일자리,일자리 > 취업,창업",공모,2
"일자리,일자리 > 취업,창업",산림청장,2
"일자리,일자리 > 취업,창업",원장,2
"일자리,일자리 > 취업,창업",상금,2
"일자리,일자리 > 취업,창업",전화,2
"일자리,일자리 > 취업,창업",사무국,2
"일자리,일자리 > 취업,창업",상세,2
"일자리,일자리 > 취업,창업",장소,2
"일자리,일자리 > 취업,창업",일정,2
"일자리,일자리 > 취업,창업",포스터,2
"일자리,일자리 > 취업,창업",신청서,2
"일자리,일자리 > 취업,창업",작성,2
"일자리,일자리 > 취업,창업",공지,2
"일자리,일자리 > 취업,창업",추가,2
"일자리,일자리 > 취업,창업",자격,2
"일자리,일자리 > 취업,창업",희망,2
"일자리,일자리 > 취업,창업",국내,2
"일자리,일자리 > 취업,창업",업계,2
"일자리,일자리 > 취업,창업",이스터,2
"일자리,일자리 > 취업,창업",강연,2
"일자리,일자리 > 취업,창업",구체화,2
"일자리,일자리 > 취업,창업",준비,2
"일자리,일자리 > 취업,창업",각종,2
"일자리,일자리 > 취업,창업",전공,2
"일자리,일자리 > 취업,창업",대학,2
"일자리,일자리 > 취업,창업",사전,2
"일자리,일자리 > 취업,창업",함양,2
"교육,교육 > 미래역량강화,온라인교육",금융,41
"교육,교육 > 미래역량강화,온라인교육",교육,32
"교육,교육 > 미래역량강화,온라인교육",재무,22
"교육,교육 > 미래역량강화,온라인교육",온라인,19
"교육,교육 > 미래역량강화,온라인교육",청년,18
"교육,교육 > 미래역량강화,온라인교육",마련,18
"교육,교육 > 미래역량강화,온라인교육",금융감독원,17
"교육,교육 > 미래역량강화,온라인교육",설계,14
"교육,교육 > 미래역량강화,온라인교육",자금,14
"교육,교육 > 미래역량강화,온라인교육",실용,13
"교육,교육 > 미래역량강화,온라인교육",방법,11
"교육,교육 > 미래역량강화,온라인교육",상담,11
"교육,교육 > 미래역량강화,온라인교육",청소년,10
"교육,교육 > 미래역량강화,온라인교육",연령,10
"교육,교육 > 미래역량강화,온라인교육",제한,9
"교육,교육 > 미래역량강화,온라인교육",정책,8
"교육,교육 > 미래역량강화,온라인교육",조건,8
"교육,교육 > 미래역량강화,온라인교육",학자금,8
"교육,교육 > 미래역량강화,온라인교육",제작,8
"교육,교육 > 미래역량강화,온라인교육",강좌,8
"교육,교육 > 미래역량강화,온라인교육",학교,7
"교육,교육 > 미래역량강화,온라인교육",강화,6
"교육,교육 > 미래역량강화,온라인교육",사례,6
"교육,교육 > 미래역량강화,온라인교육",대학,6
"교육,교육 > 미래역량강화,온라인교육",결혼,6
"교육,교육 > 미래역량강화,온라인교육",계획,6
"교육,교육 > 미래역량강화,온라인교육",출산,6
"교육,교육 > 미래역량강화,온라인교육",양육비,6
"교육,교육 > 미래역량강화,온라인교육",준비,6
"교육,교육 > 미래역량강화,온라인교육",개설,6
"교육,교육 > 미래역량강화,온라인교육",수강,6
"교육,교육 > 미래역량강화,온라인교육",게시,5
"교육,교육 > 미래역량강화,온라인교육",시험,5
"교육,교육 > 미래역량강화,온라인교육",수강신청,5
"교육,교육 > 미래역량강화,온라인교육",고려,4
"교육,교육 > 미래역량강화,온라인교육",메타,4
"교육,교육 > 미래역량강화,온라인교육",버스,4
"교육,교육 > 미래역량강화,온라인교육",기반,4
"교육,교육 > 미래역량강화,온라인교육",드림,4
"교육,교육 > 미래역량강화,온라인교육",분야,4
"교육,교육 > 미래역량강화,온라인교육",미래,4
"교육,교육 > 미래역량강화,온라인교육",역량,4
"교육,교육 > 미래역량강화,온라인교육",온라인교육,4
"교육,교육 > 미래역량강화,온라인교육",워드,4
"교육,교육 > 미래역량강화,온라인교육",요약,4
"교육,교육 > 미래역량강화,온라인교육",주관,4
"교육,교육 > 미래역량강화,온라인교육",나이,4
"교육,교육 > 미래역량강화,온라인교육",추가,4
"교육,교육 > 미래역량강화,온라인교육",자격,4
"교육,교육 > 미래역량강화,온라인교육",무료,4
"교육,교육 > 미래역량강화,온라인교육",맞춤,4
"교육,교육 > 미래역량강화,온라인교육",소비자,4
"교육,교육 > 미래역량강화,온라인교육",상황,4
"교육,교육 > 미래역량강화,온라인교육",범위,4
"교육,교육 > 미래역량강화,온라인교육",생활,4
"교육,교육 > 미래역량강화,온라인교육",종잣돈,4
"교육,교육 > 미래역량강화,온라인교육",영상,4
"교육,교육 > 미래역량강화,온라인교육",공개,4
"교육,교육 > 미래역량강화,온라인교육",부담,4
"교육,교육 > 미래역량강화,온라인교육",사회,4
"교육,교육 > 미래역량강화,온라인교육",초년,4
"교육,교육 > 미래역량강화,온라인교육",보기,4
"교육,교육 > 미래역량강화,온라인교육",목표,4
"교육,교육 > 미래역량강화,온라인교육",주택,4
"교육,교육 > 미래역량강화,온라인교육",누구,4
"교육,교육 > 미래역량강화,온라인교육",인터넷,4
"교육,교육 > 미래역량강화,온라인교육",스마트폰,4
"교육,교육 > 미래역량강화,온라인교육",활용,4
"교육,교육 > 미래역량강화,온라인교육",대학생,4
"교육,교육 > 미래역량강화,온라인교육",홈페이지,4
"교육,교육 > 미래역량강화,온라인교육",예정,4
"교육,교육 > 미래역량강화,온라인교육",콘텐츠,3
"교육,교육 > 미래역량강화,온라인교육",제출,3
"교육,교육 > 미래역량강화,온라인교육",서류,3
"교육,교육 > 미래역량강화,온라인교육",심사,3
"교육,교육 > 미래역량강화,온라인교육",동영상,3
"교육,교육 > 미래역량강화,온라인교육",유튜브,3
"교육,교육 > 미래역량강화,온라인교육",채널,3
"교육,교육 > 미래역량강화,온라인교육",강의,3
"교육,교육 > 미래역량강화,온라인교육",검색,3
"교육,교육 > 미래역량강화,온라인교육",비대,2
"교육,교육 > 미래역량강화,온라인교육",환경,2
"교육,교육 > 미래역량강화,온라인교육",플랫폼,2
"교육,교육 > 미래역량강화,온라인교육",체계,2
"교육,교육 > 미래역량강화,온라인교육",통합,2
"교육,교육 > 미래역량강화,온라인교육",개발,2
"교육,교육 > 미래역량강화,온라인교육",보급,2
"교육,교육 > 미래역량강화,온라인교육",게시판,2
"교육,교육 > 미래역량강화,온라인교육",실전,2
"교육,교육 > 미래역량강화,온라인교육",장기,2
"교육,교육 > 미래역량강화,온라인교육",안목,2
"교육,교육 > 미래역량강화,온라인교육",안정,2
"교육,교육 > 미래역량강화,온라인교육",조달,2
"교육,교육 > 미래역량강화,온라인교육",주거,2
"교육,교육 > 미래역량강화,온라인교육",편의,2
"교육,교육 > 미래역량강화,온라인교육",구성,2
"교육,교육 > 미래역량강화,온라인교육",관리,2
"교육,교육 > 미래역량강화,온라인교육",연말정산,2
"교육,교육 > 미래역량강화,온라인교육",위험,2
"교육,교육 > 미래역량강화,온라인교육",대비,2
교육 > 온라인교육,학습,48
교육 > 온라인교육,금융,22
교육 > 온라인교육,교육,20
교육 > 온라인교육,대학,20
교육 > 온라인교육,근로자,20
교육 > 온라인교육,강좌,16
교육 > 온라인교육,학위,16
교육 > 온라인교육,교수,13
교육 > 온라인교육,온라인,12
교육 > 온라인교육,실용,11
교육 > 온라인교육,평생교육,10
교육 > 온라인교육,금융감독원,9
교육 > 온라인교육,맞춤,9
교육 > 온라인교육,관리,8
교육 > 온라인교육,정책,8
교육 > 온라인교육,병행,8
교육 > 온라인교육,고용,8
교육 > 온라인교육,보험,8
교육 > 온라인교육,제한,7
교육 > 온라인교육,교재,7
교육 > 온라인교육,조건,7
교육 > 온라인교육,개발,7
교육 > 온라인교육,산업,7
교육 > 온라인교육,채용,7
교육 > 온라인교육,자격,7
교육 > 온라인교육,개설,6
교육 > 온라인교육,연령,6
교육 > 온라인교육,학기,6
교육 > 온라인교육,강의,6
교육 > 온라인교육,분야,6
교육 > 온라인교육,직무,6
교육 > 온라인교육,향상,6
교육 > 온라인교육,양성,6
교육 > 온라인교육,학력,6
교육 > 온라인교육,예외,6
교육 > 온라인교육,다음,6
교육 > 온라인교육,취업,6
교육 > 온라인교육,이력,6
교육 > 온라인교육,활용,6
교육 > 온라인교육,대학생,5
교육 > 온라인교육,영상,5
교육 > 온라인교육,체계,4
교육 > 온라인교육,통상,4
교육 > 온라인교육,강사,4
교육 > 온라인교육,자체,4
교육 > 온라인교육,별도,4
교육 > 온라인교육,온라인교육,4
교육 > 온라인교육,워드,4
교육 > 온라인교육,요약,4
교육 > 온라인교육,주관,4
교육 > 온라인교육,나이,4
교육 > 온라인교육,방법,4
교육 > 온라인교육,현장,4
교육 > 온라인교육,자료,4
교육 > 온라인교육,인력,4
교육 > 온라인교육,능력,4
교육 > 온라인교육,우수,4
교육 > 온라인교육,수요,4
교육 > 온라인교육,혁신,4
교육 > 온라인교육,매치,4
교육 > 온라인교육,기술,4
교육 > 온라인교육,첨단,4
교육 > 온라인교육,인재,4
교육 > 온라인교육,국가,4
교육 > 온라인교육,평가,4
교육 > 온라인교육,도제,4
교육 > 온라인교육,숙련,4
교육 > 온라인교육,연도,4
교육 > 온라인교육,국적,4
교육 > 온라인교육,무관,4
교육 > 온라인교육,수준별,4
교육 > 온라인교육,전공,4
교육 > 온라인교육,요건,4
교육 > 온라인교육,취득,4
교육 > 온라인교육,구축,4
교육 > 온라인교육,통합,4
교육 > 온라인교육,컨텐츠,4
교육 > 온라인교육,개인,4
교육 > 온라인교육,결과,4
교육 > 온라인교육,직원,3
교육 > 온라인교육,전용,3
교육 > 온라인교육,주차,3
교육 > 온라인교육,탑재,3
교육 > 온라인교육,심사,3
교육 > 온라인교육,경험,3
교육 > 온라인교육,한국,3
교육 > 온라인교육,출처,3
교육 > 온라인교육,지정,3
교육 > 온라인교육,문지원,3
교육 > 온라인교육,고용노동부,3
교육 > 온라인교육,컨설팅,3
교육 > 온라인교육,청년,2
교육 > 온라인교육,소속,2
교육 > 온라인교육,금감원,2
교육 > 온라인교육,실장,2
교육 > 온라인교육,부국,2
교육 > 온라인교육,관리직,2
교육 > 온라인교육,역임,2
교육 > 온라인교육,담당,2
교육 > 온라인교육,학사,2
"일자리,일자리,일자리 > 취업,재직자,취업",면접,24
"일자리,일자리,일자리 > 취업,재직자,취업",횡성군,15
"일자리,일자리,일자리 > 취업,재직자,취업",청년,13
"일자리,일자리,일자리 > 취업,재직자,취업",취업,12
"일자리,일자리,일자리 > 취업,재직자,취업",일자리,9
"일자리,일자리,일자리 > 취업,재직자,취업",서식,5
"일자리,일자리,일자리 > 취업,재직자,취업",거주,4
"일자리,일자리,일자리 > 취업,재직자,취업",비용,4
"일자리,일자리,일자리 > 취업,재직자,취업",제출,4
"일자리,일자리,일자리 > 취업,재직자,취업",수당,3
"일자리,일자리,일자리 > 취업,재직자,취업",지급,3
"일자리,일자리,일자리 > 취업,재직자,취업",서류,3
"일자리,일자리,일자리 > 취업,재직자,취업",횡성,3
"일자리,일자리,일자리 > 취업,재직자,취업",접수,3
"일자리,일자리,일자리 > 취업,재직자,취업",직계,2
"일자리,일자리,일자리 > 취업,재직자,취업",비속,2
"일자리,일자리,일자리 > 취업,재직자,취업",배우자,2
"일자리,일자리,일자리 > 취업,재직자,취업",가족,2
"일자리,일자리,일자리 > 취업,재직자,취업",대표자,2
"일자리,일자리,일자리 > 취업,재직자,취업",유흥업소,2
"일자리,일자리,일자리 > 취업,재직자,취업",도박,2
"일자리,일자리,일자리 > 취업,재직자,취업",불건전,2
"일자리,일자리,일자리 > 취업,재직자,취업",유해,2
"일자리,일자리,일자리 > 취업,재직자,취업",소인,2
"일자리,일자리,일자리 > 취업,재직자,취업",미만,2
"일자리,일자리,일자리 > 취업,재직자,취업",최저임금,2
"일자리,일자리,일자리 > 취업,재직자,취업",준수,2
"일자리,일자리,일자리 > 취업,재직자,취업",유사,2
"일자리,일자리,일자리 > 취업,재직자,취업",중복,2
"일자리,일자리,일자리 > 취업,재직자,취업",사업인,2
"일자리,일자리,일자리 > 취업,재직자,취업",혁신,2
"일자리,일자리,일자리 > 취업,재직자,취업",용형,2
"일자리,일자리,일자리 > 취업,재직자,취업",강원도,2
"일자리,일자리,일자리 > 취업,재직자,취업",재단,2
"일자리,일자리,일자리 > 취업,재직자,취업",준비,2
"일자리,일자리,일자리 > 취업,재직자,취업",쿠폰,2
"일자리,일자리,일자리 > 취업,재직자,취업",중인,2
"일자리,일자리,일자리 > 취업,재직자,취업",실업,2
"일자리,일자리,일자리 > 취업,재직자,취업",수급,2
"일자리,일자리,일자리 > 취업,재직자,취업",교육,2
"일자리,일자리,일자리 > 취업,재직자,취업",학점,2
"일자리,일자리,일자리 > 취업,재직자,취업",인정,2
"일자리,일자리,일자리 > 취업,재직자,취업",멘토,2
"일자리,일자리,일자리 > 취업,재직자,취업",목적,2
"일자리,일자리,일자리 > 취업,재직자,취업",활동,2
"일자리,일자리,일자리 > 취업,재직자,취업",대가,2
"일자리,일자리,일자리 > 취업,재직자,취업",급여,2
"일자리,일자리,일자리 > 취업,재직자,취업",수령,2
"일자리,일자리,일자리 > 취업,재직자,취업",온라인,2
"일자리,일자리,일자리 > 취업,재직자,취업",진행,2
"일자리,일자리,일자리 > 취업,재직자,취업",단계,2
"일자리,일자리,일자리 > 취업,재직자,취업",전형,2
"일자리,일자리,일자리 > 취업,재직자,취업",역량,2
"일자리,일자리,일자리 > 취업,재직자,취업",검사,2
"일자리,일자리,일자리 > 취업,재직자,취업",최대,2
"일자리,일자리,일자리 > 취업,재직자,취업",사랑,2
"일자리,일자리,일자리 > 취업,재직자,취업",카드,2
"일자리,일자리,일자리 > 취업,재직자,취업",충전지,2
"일자리,일자리,일자리 > 취업,재직자,취업",정책,2
"일자리,일자리,일자리 > 취업,재직자,취업",강원,2
"일자리,일자리,일자리 > 취업,재직자,취업",특별자치도,2
"일자리,일자리,일자리 > 취업,재직자,취업",기획,2
"일자리,일자리,일자리 > 취업,재직자,취업",방법,2
"일자리,일자리,일자리 > 취업,재직자,취업",고문,2
"일자리,일자리,일자리 > 취업,재직자,취업",대체,2
"일자리,일자리,일자리 > 취업,재직자,취업",사실,2
"일자리,일자리,일자리 > 취업,재직자,취업",분야,1
"일자리,일자리,일자리 > 취업,재직자,취업",재직,1
"일자리,일자리,일자리 > 취업,재직자,취업",워드,1
"일자리,일자리,일자리 > 취업,재직자,취업",보조금,1
"일자리,일자리,일자리 > 취업,재직자,취업",요약,1
"일자리,일자리,일자리 > 취업,재직자,취업",주관,1
"일자리,일자리,일자리 > 취업,재직자,취업",예산,1
"일자리,일자리,일자리 > 취업,재직자,취업",담당,1
"일자리,일자리,일자리 > 취업,재직자,취업",나이,1
"일자리,일자리,일자리 > 취업,재직자,취업",조건,1
"일자리,일자리,일자리 > 취업,재직자,취업",방문,1
"일자리,일자리,일자리 > 취업,재직자,취업",평일,1
"일자리,일자리,일자리 > 취업,재직자,취업",근무시간,1
"일자리,일자리,일자리 > 취업,재직자,취업",점심시간,1
"일자리,일자리,일자리 > 취업,재직자,취업",제외,1
"일자리,일자리,일자리 > 취업,재직자,취업",신청서,1
"일자리,일자리,일자리 > 취업,재직자,취업",채용,1
"일자리,일자리,일자리 > 취업,재직자,취업",개인정보,1
"일자리,일자리,일자리 > 취업,재직자,취업",수집,1
"일자리,일자리,일자리 > 취업,재직자,취업",이용,1
"일자리,일자리,일자리 > 취업,재직자,취업",동의,1
"일자리,일자리,일자리 > 취업,재직자,취업",주민등록,1
"일자리,일자리,일자리 > 취업,재직자,취업",등본,1
"일자리,일자리,일자리 > 취업,재직자,취업",이내,1
"일자리,일자리,일자리 > 취업,재직자,취업",발급,1
"일자리,일자리,일자리 > 취업,재직자,취업",첨부,1
"일자리,일자리,일자리 > 취업,재직자,취업",활용,1
"일자리,일자리,일자리 > 취업,재직자,취업",자체,1
"일자리,일자리,일자리 > 취업,재직자,취업",양식,1
"일자리,일자리,일자리 > 취업,재직자,취업",서약,1
"일자리,일자리,일자리 > 취업,재직자,취업",소명,1
"일자리,일자리,일자리 > 취업,재직자,취업",증빙,1
"일자리,일자리,일자리 > 취업,재직자,취업",자료,1
"일자리,일자리,일자리 > 취업,재직자,취업",심사,1
,청년,8
,포천시,5
,정장,5
,대여,5
,포천,4
,구직,4
,면접,4
,무료,4
,정책,4
,불가,3
,옷장,2
,기타,2
,요강,2
,세부,2
,고문,2
,참고,2
,주민등록,2
,미취,2
,상태,2
,시청,2
,일자리,2
,경제,2
,조건,2
,서류,2
,추가,2
,업체,2
,방문,2
,요약,1
,주관,1
,경기도,1
,나이,1
,방법,1
,온라인,1
,등록,1
,승인,1
,예약,1
,수령,1
,반납,1
,자격,1
,비고,1
,오류,1
,누락,1
,기재,1
,철저,1
,연락,1
,보완,1
,요청,1
,원칙,1
,상담,1
,연장,1
,분실,1
,훼손,1
,비용,1
,발생,1
,부담,1
,조기,1
,소진,1
,중단,1
,주말,1
,공휴일,1
,제외,1
,정도,1
,소요,1
,출처,1
startup,창업,41611
startup,청년,19800
startup,예비,12227
startup,교육,5593
startup,대학생,4935
startup,일반인,4841
startup,연령,4476
startup,업력,4249
startup,창조,4224
startup,대학,3995
startup,통합,3918
startup,상세,3878
startup,분류,3808
startup,제목,3795
startup,요약,3791
startup,일반,3731
startup,방법,3234
startup,스타트업,3023
startup,관심,2956
startup,오니,2856
startup,이내,2722
startup,기술,2713
startup,미만,2684
startup,공간,2583
startup,분야,2528
startup,다음,2434
startup,초기,2428
startup,보육,2349
startup,청소년,2320
startup,아이디어,2299
startup,연구기관,2176
startup,혁신,2132
startup,창업가,2041
startup,온라인,2014
startup,희망,1991
startup,시설,1873
startup,서울,1831
startup,전국,1823
startup,보유,1731
startup,등록,1622
startup,멘토링,1575
startup,캠퍼스,1505
startup,육성,1494
startup,컨설팅,1491
startup,이메일,1454
startup,산업,1396
startup,참가자,1377
startup,발굴,1361
startup,우대,1331
startup,거주,1330
startup,아래,1326
startup,타운,1319
startup,아이템,1306
startup,사회,1238
startup,대회,1230
startup,대표자,1227
startup,개월,1213
startup,개인,1165
startup,소재,1157
startup,성장,1106
startup,역량,1106
startup,네트워크,1103
startup,경진,1096
startup,법인,1080
startup,행사,1031
startup,이전,955
startup,참여자,951
startup,여성,923
startup,학교,910
startup,활성화,902
startup,이후,899
startup,기반,878
startup,투자,846
startup,신규,831
startup,계획,828
startup,진행,819
startup,성공,793
startup,서울시,782
startup,참가,781
startup,강동구,780
startup,준비,762
startup,프로젝트,760
startup,글로벌,759
startup,소셜,756
startup,자격,738
startup,중소기업,722
startup,경기도,706
startup,일자리,700
startup,도전,698
startup,활용,688
startup,유망,684
startup,콘텐츠,676
startup,패키지,672
startup,부산,665
startup,벤처기업,665
startup,특강,645
startup,테크,642
startup,추가,635
startup,주민등록,634
startup,아카데미,622
education,근로자,25077
education,코드,20490
education,상세,20469
education,훈련기,20403
education,서울,19886
education,데이터,17312
education,실업자,14877
education,일반,14391
education,배움,14007
education,카드,14004
education,국민,13981
education,활용,12330
education,디지털,10955
education,산업,10775
education,한국,10701
education,협회,10418
education,강남구,8628
education,실무,8211
education,평생교육,8000
education,경기,7612
education,부산,7535
education,취득,7164
education,러닝,7100
education,에듀,6800
education,컴퓨터,6550
education,부산진구,6296
education,지능,6284
education,자격증,6252
education,인공,6249
education,주식회사,6226
education,분석,5995
education,빅데이터,5812
education,플러스,5803
education,학원,5118
education,시대,5109
education,구로구,5038
education,아카데미,5028
education,이러닝,4514
education,필기,4431
education,고양시,4414
education,실기,4353
education,일산동구,4348
education,개발,4168
education,인천,4142
education,테크,4039
education,양성,4007
education,사단법인,3912
education,그린,3864
education,윈스,3750
education,펙원격,3750
education,전략,3510
education,국가,3439
education,기초,3405
education,능력,3395
education,기사,3355
education,전산,3117
education,회계,3075
education,자격,2931
education,제작,2823
education,직종,2703
education,콘텐츠,2624
education,패스,2524
education,스마트,2517
education,디자인,2467
education,직업,2430
education,영등포구,2338
education,종합,2315
education,기타,2265
education,미래,2228
education,성형,2199
education,교육,2184
education,퓨어,2164
education,컨버전,2109
education,엑셀,2093
education,세무,2092
education,상위,2079
education,파이썬,2037
education,비원,2032
education,업무,2022
education,역량,1971
education,요양보호사,1961
education,기능사,1904
education,취업,1880
education,향상,1869
education,포토샵,1854
education,기술,1767
education,프로그래밍,1766
education,이론,1761
education,구조,1755
education,기반,1719
education,융합,1710
education,변화,1707
education,핵심,1668
education,대응,1641
education,영상,1625
education,시작,1611
education,마케팅,1602
education,평가,1596
education,비즈니스,1581
education,건축,1535
